name,Ernst & Young,Arthur Andersen,MSI,IGAF,AGN,BDO,Grant Thornton,Horwath,KPMG,Summit & Baker,RSM,Moores Rowland,HLB,Moore Stephens,Nexia,PKF,Fiducial,PWC,Impiric,TMP,Hakuhodo,Draft Worldwide,Densu Y & R,D'Arcy,FCB,Saatchi & Saatchi,O&M,BBDO,McCann Erickson,J Walter Thompson,Euro RSCG,CMG,Asatsu DK,West LB,Dresdner,Commerzbank,Deutsche,Chase,BNP Paribas,ABN Amro,CSFB,Rabobank,UBS,ING,Barclays,Fuji,BHV,BLG,Sakura,Sumitomo,Sanwa,JP Morgan,BTM,DKB,HSBC,Citibank,Allianz,Skandia,Chubb,Prudential,Reliance,Winterthur,Fortis,CGNU,Liberty,Royal & Sun,Lloyds,Latham & Watkins,Morgan Lewis,Baker & McKenzie,Clifford Chance,Jones Day,FBD,Allen & Overy,Dorsey & Whitney,Linklaters,White & Case,Cameron McKenna,Morrison & Foerster,Lovells,Skadden,Sidley & Austin,Coudert,Towers Perrin,Logica,Watson Wyatt,Sema,CSC,Hewitt,IBM,Mercer,Boston,Deloitte,BoozeA&M,A.T. Kearney,McKinsey,Bain,Compass,Andersen Consulting,Gemini
ABERDEEN,2,0,0,0,0,0,0,2,2,0,0,2,2,0,0,0,0,2,0,0,0,0,0,0,0,0,0,0,0,0,0,0,0,0,0,0,0,0,0,0,0,0,0,0,2,0,0,0,0,0,0,0,0,0,2,0,0,0,0,0,0,1,0,0,0,0,0,0,0,0,0,0,0,0,0,0,0,2,0,0,0,0,0,0,2,0,2,0,0,0,0,0,0,0,0,0,0,0,0,0
ABIJAN,3,0,0,0,0,0,0,0,2,0,0,0,2,0,0,2,0,2,0,0,0,0,2,0,2,2,0,0,2,0,0,0,0,0,2,0,0,0,4,0,0,0,0,0,0,0,0,0,0,2,0,0,0,0,2,2,0,0,0,0,0,1,2,0,0,0,0,0,0,0,0,0,0,0,0,0,0,0,0,0,0,0,0,0,0,0,0,0,0,2,0,0,2,0,0,0,0,0,0,0
ABU DHABI,2,2,0,0,2,0,0,2,2,0,2,0,2,0,0,2,2,2,0,0,0,0,2,0,0,0,0,0,0,0,0,0,0,0,0,0,2,0,2,0,0,0,0,0,3,0,0,0,0,2,0,0,2,0,0,2,0,0,0,0,0,0,0,2,0,2,0,0,0,0,0,0,0,0,0,0,0,0,0,0,0,0,0,0,0,0,0,0,0,0,0,0,2,2,0,0,0,0,2,0
ACCRA,0,0,0,0,0,0,2,0,2,0,0,2,2,0,0,2,0,2,0,0,0,0,0,0,2,2,2,0,2,2,0,0,0,0,0,0,0,0,0,0,0,0,0,0,2,0,0,0,0,0,0,0,0,0,2,2,0,0,0,0,0,1,0,0,0,0,0,0,0,0,0,0,0,0,0,0,0,0,0,0,0,0,0,0,0,0,0,0,0,2,0,0,2,0,0,0,0,0,0,0
ADDIS ABABA,0,0,0,0,0,0,0,0,0,0,0,0,2,0,0,0,0,2,0,0,0,0,0,0,0,0,2,0,2,0,0,0,0,0,0,0,0,0,0,0,0,0,0,0,0,0,0,0,0,2,0,0,0,0,0,0,0,0,0,0,0,1,0,0,0,0,0,0,0,0,0,0,0,0,0,0,0,0,0,0,0,0,0,0,0,0,0,0,0,2,0,0,0,0,0,0,0,0,0,0
ADELAIDE,2,2,2,3,2,0,0,2,2,0,3,2,2,2,2,2,0,2,2,2,0,0,2,0,0,0,0,2,0,0,0,0,0,0,0,0,0,0,0,0,0,0,0,0,2,0,0,0,0,0,0,0,0,0,2,2,0,0,0,0,0,1,2,2,0,3,0,0,0,0,0,0,0,0,0,0,0,0,0,0,0,0,0,0,0,0,0,0,0,0,0,0,0,0,0,0,0,0,0,0
AHMADABAD,0,0,2,0,0,0,0,0,0,0,2,2,2,0,0,0,2,0,0,0,0,0,0,0,0,0,2,0,0,0,0,0,0,0,0,0,0,0,2,0,0,0,0,0,0,0,0,0,0,0,0,0,0,0,2,0,0,0,0,0,0,0,0,0,0,0,0,0,0,0,0,0,0,0,0,0,0,0,0,0,0,0,0,0,0,0,0,0,0,0,0,0,0,0,0,0,0,0,0,0
ALEXANDRIA,0,2,0,0,0,0,0,0,2,0,0,0,0,0,0,0,2,2,0,0,0,0,0,0,0,0,0,0,0,0,0,0,0,0,0,0,0,0,0,0,0,0,0,0,0,0,0,0,0,0,0,0,0,0,0,0,0,0,0,0,0,1,0,0,0,0,0,0,0,0,0,0,0,0,0,0,0,0,0,0,0,0,0,0,0,0,0,0,0,0,0,0,0,0,0,0,0,0,0,0
ALGIERS,0,0,0,0,0,0,0,0,0,0,0,0,0,0,0,0,2,0,0,0,0,0,0,0,0,0,0,0,0,0,0,0,0,0,0,0,0,0,2,0,0,0,0,0,0,0,0,0,0,2,0,0,0,0,0,2,0,0,0,0,0,1,0,0,0,0,0,0,0,0,0,0,0,0,0,0,0,0,0,0,0,0,0,0,0,0,0,0,0,2,0,0,0,0,0,0,0,0,0,0
ALMATY,2,2,0,0,0,2,0,0,2,0,0,0,0,0,0,0,0,2,0,0,0,0,0,0,0,0,2,0,2,0,0,0,0,0,2,2,2,0,0,2,0,0,0,2,0,0,0,0,0,2,0,0,0,0,2,2,0,0,0,0,0,1,0,0,0,0,0,0,0,2,0,0,0,0,0,0,2,2,0,0,0,0,2,0,0,0,0,0,0,0,0,0,2,0,0,0,0,0,0,0
AMMAN,2,0,0,2,0,3,0,2,2,0,0,2,0,0,2,3,2,2,0,0,0,0,0,0,2,2,0,0,2,2,0,0,0,0,0,0,0,0,0,0,0,0,0,0,0,0,0,0,0,2,0,0,0,0,2,2,0,0,0,0,0,1,0,0,0,0,0,0,0,0,0,0,0,0,0,0,0,0,0,0,0,0,0,0,0,0,0,0,0,3,0,0,2,0,0,0,0,0,0,0
AMSTERDAM,2,2,0,0,2,2,2,5,5,0,2,3,3,3,2,2,2,3,3,2,2,2,3,3,2,2,3,3,3,3,2,2,2,2,0,2,2,2,2,5,2,2,0,5,3,2,2,0,0,0,2,0,2,2,3,2,3,0,0,0,3,3,4,0,0,2,0,0,0,4,3,0,3,4,0,3,0,2,0,0,0,0,0,3,2,2,2,0,2,3,0,2,0,2,2,4,1,0,2,0
ANKARA,0,2,0,0,0,0,0,0,0,0,0,2,0,0,0,0,0,2,0,0,0,0,0,0,0,0,0,0,0,0,0,0,0,0,0,0,0,0,0,0,0,0,0,0,0,0,0,0,0,2,0,0,0,0,0,0,0,0,0,0,0,0,0,0,0,0,0,0,0,0,0,0,0,0,0,0,2,0,0,0,0,0,0,0,0,0,0,0,0,0,0,0,0,0,0,0,0,0,0,0
ANTWERP,2,2,0,0,2,0,2,0,2,0,0,3,2,0,0,3,3,2,0,2,0,0,0,0,0,0,0,2,2,0,0,0,0,0,0,2,3,0,0,2,0,3,0,2,0,0,0,0,0,0,0,0,0,0,0,2,2,0,2,0,0,1,2,0,0,0,0,0,0,0,0,0,0,0,0,2,0,0,0,0,0,0,2,0,2,0,0,0,0,0,0,0,0,0,0,2,0,0,0,0
ARHUS,2,2,0,0,0,0,0,0,2,0,0,0,0,2,0,0,0,2,0,0,0,0,0,0,0,0,2,0,0,0,0,0,0,0,0,0,0,0,0,0,0,0,0,0,0,0,0,0,0,0,0,0,0,0,0,0,0,0,0,0,0,0,0,0,0,0,0,0,0,0,0,0,0,0,0,0,0,0,0,0,0,0,0,0,0,0,0,0,0,0,0,0,0,0,0,0,0,0,0,0
ASUNCION,0,0,0,2,2,2,0,2,2,0,2,2,0,0,2,0,0,2,0,0,0,0,0,2,0,0,0,2,2,2,0,0,0,0,2,0,0,0,0,2,0,0,0,2,0,0,0,0,0,0,0,0,0,0,0,2,0,0,0,0,0,1,0,0,0,0,0,0,0,0,0,0,0,0,0,0,0,0,0,0,0,0,0,0,0,0,0,0,0,2,0,0,2,0,0,0,0,0,0,0
ATHENS,0,2,0,0,2,2,2,2,2,0,2,2,0,2,0,2,2,2,2,0,0,0,2,2,4,0,2,4,3,2,0,0,0,0,3,0,2,2,4,3,0,0,0,2,2,0,2,0,0,2,0,0,0,0,3,3,3,0,0,0,0,1,0,0,0,0,2,0,0,0,0,0,0,0,0,0,0,0,0,0,0,0,0,0,0,0,0,0,0,3,0,0,2,0,0,0,0,0,2,0
ATLANTA,3,3,2,3,2,0,1,2,3,0,3,3,2,2,0,2,0,2,0,3,0,0,0,0,2,0,2,2,3,3,0,2,0,0,0,2,2,3,0,2,2,2,0,3,2,0,0,0,0,2,0,2,2,0,0,3,0,0,2,0,0,2,1,3,3,0,2,0,0,0,0,3,2,0,0,2,0,0,0,0,0,0,0,3,0,2,3,0,2,0,0,2,0,2,2,2,3,2,2,0
AUCKLAND,2,2,0,2,2,0,2,3,3,2,2,2,3,3,0,3,2,2,2,2,0,2,3,0,2,2,2,3,3,2,0,2,0,0,0,0,2,0,2,2,2,2,0,2,2,0,0,0,0,2,0,0,2,0,3,2,2,0,0,0,0,1,0,3,0,3,0,0,0,0,0,0,0,0,0,0,0,0,0,0,0,0,0,0,0,2,0,0,2,0,0,2,2,2,0,2,0,0,2,0
BAGHDAD,0,0,0,0,0,0,0,0,0,0,0,0,0,0,0,0,0,0,0,0,0,0,0,0,0,0,0,0,0,0,0,0,0,0,0,0,0,0,0,0,0,0,0,0,0,0,0,0,0,0,0,0,0,0,0,0,0,0,0,0,0,1,0,0,0,0,0,0,0,0,0,0,0,0,0,0,0,0,0,0,0,0,0,0,0,0,0,0,0,0,0,0,0,0,0,0,0,0,0,0
BAKU,2,2,0,0,2,0,0,0,2,0,0,0,0,0,0,0,0,2,0,0,0,0,0,0,0,0,0,0,2,0,0,0,0,0,2,0,0,0,0,0,0,0,0,0,0,0,0,0,0,2,0,0,0,0,2,0,0,0,0,0,0,0,0,0,0,0,0,0,0,2,0,0,0,0,0,0,0,1,0,0,0,0,0,0,0,0,0,0,0,0,0,0,0,0,0,0,0,0,0,0
BALTIMORE,2,2,0,2,0,0,1,0,3,0,0,2,3,0,2,0,0,2,0,0,0,0,0,0,0,0,0,0,0,0,0,0,0,0,0,0,2,2,0,2,2,0,0,0,0,0,0,0,0,0,0,0,0,0,0,2,0,0,2,0,2,1,0,0,0,3,0,0,0,0,0,0,0,0,0,0,0,0,0,0,0,0,0,0,0,0,0,0,0,0,0,0,0,2,0,0,0,0,0,0
BANDA SERI BEGAWAN,2,2,0,0,0,0,0,0,2,0,0,0,0,0,0,0,0,2,0,0,0,0,0,0,0,0,0,0,0,0,0,0,0,0,0,0,0,0,0,0,0,0,0,0,0,0,0,0,0,0,0,0,0,0,2,2,2,0,0,0,0,1,0,0,0,0,0,0,0,0,0,0,0,0,0,0,0,0,0,0,0,0,0,0,0,0,0,0,0,2,0,0,2,0,0,0,0,0,0,0
BANDUNG,0,2,0,0,0,0,0,0,2,0,0,0,0,0,0,0,0,0,0,0,0,0,0,0,0,0,0,0,0,0,0,0,0,0,0,0,0,0,0,2,0,0,0,0,0,0,0,0,0,2,0,0,2,0,0,2,0,0,0,0,0,0,0,0,0,0,0,0,0,0,0,0,0,0,0,0,0,0,0,0,0,0,0,0,0,0,0,0,0,0,0,0,0,0,0,0,0,0,0,0
BANGALORE,2,2,0,0,1,0,0,0,2,0,2,2,2,2,0,2,0,2,2,0,0,2,3,0,2,0,2,2,2,3,2,0,0,0,0,0,2,0,2,0,0,0,0,2,0,0,0,0,0,2,0,0,0,0,2,2,0,0,0,0,0,0,0,0,0,0,0,0,0,0,0,0,0,0,0,0,0,0,0,0,0,0,0,0,2,0,0,0,2,3,0,0,0,0,0,0,0,0,0,0
BANGKOK,0,0,2,0,1,2,2,3,3,0,2,2,2,2,2,2,0,2,0,0,3,2,3,2,2,2,2,2,2,0,0,0,3,2,0,2,2,2,3,0,2,3,0,3,2,3,0,2,3,3,3,2,4,3,2,2,2,0,2,2,0,1,2,3,0,2,0,0,0,3,2,0,0,2,0,2,2,0,0,0,0,0,2,0,0,2,0,0,2,3,0,2,2,2,0,2,0,0,2,0
BARCELONA,2,2,2,2,2,0,0,2,2,0,2,3,3,2,2,2,3,2,2,3,0,0,2,2,2,0,2,3,3,3,0,0,0,0,0,2,4,2,0,2,0,2,0,0,2,0,0,0,0,2,0,0,2,0,2,2,2,0,2,0,3,3,0,3,0,3,0,0,0,2,3,0,2,0,0,0,0,0,0,0,0,0,0,0,0,2,2,2,0,0,0,0,0,0,2,2,0,2,2,2
BASEL,2,2,0,0,2,0,0,0,2,0,2,0,0,0,0,0,2,2,0,0,0,0,0,0,0,0,0,0,0,0,0,0,0,0,0,0,0,0,2,2,0,0,3,2,0,0,0,0,0,0,0,0,0,0,0,0,0,0,0,0,0,1,0,2,0,0,0,0,0,0,0,0,0,0,0,0,0,0,0,0,0,0,0,0,0,0,0,0,0,0,0,0,0,0,0,0,0,0,0,0
BATAM,0,2,0,0,0,0,0,0,2,0,0,0,0,0,0,0,0,0,0,0,0,0,0,0,0,0,0,0,0,0,0,0,0,0,0,0,0,0,0,0,0,0,0,0,0,0,0,0,0,0,0,0,0,0,0,0,0,0,0,0,0,0,0,0,0,0,0,0,0,0,0,0,0,0,0,0,0,0,0,0,0,0,0,0,0,0,0,0,0,0,0,0,0,0,0,0,0,0,0,0
BEIJING,0,2,0,0,0,1,2,2,2,0,2,2,2,2,2,0,0,2,2,0,2,0,3,2,2,2,2,2,2,2,2,0,4,2,3,2,2,3,2,2,2,2,0,3,3,2,2,3,2,3,2,2,2,2,2,0,2,0,2,0,0,2,2,2,0,0,0,0,0,2,2,0,2,1,0,0,0,2,2,2,2,0,0,0,2,2,3,0,2,2,2,0,0,0,2,2,2,0,2,0
BEIRUT,2,2,0,2,2,2,2,4,2,0,2,2,3,0,2,2,2,2,0,0,0,0,2,2,2,2,2,2,2,2,0,0,0,0,2,2,0,2,0,2,0,0,0,2,0,0,0,0,0,2,0,0,0,0,2,2,2,0,0,0,0,1,0,0,0,0,2,0,0,0,0,0,0,0,0,0,0,0,0,0,0,0,0,0,0,0,0,0,0,2,0,0,2,2,0,0,0,0,0,0
BELFAST,2,0,0,0,1,0,0,2,2,0,2,2,0,2,0,0,0,2,0,0,0,0,0,0,0,0,0,0,2,0,0,0,0,0,0,0,0,0,0,0,0,0,0,0,2,0,0,0,0,0,0,0,0,0,2,0,0,0,0,0,0,1,0,2,0,0,0,0,0,0,0,0,0,0,0,0,0,0,0,0,0,0,0,0,0,0,0,0,0,0,0,0,0,0,0,0,0,0,0,0
BELGRADE,0,0,0,0,0,0,0,0,2,0,0,0,0,0,0,0,0,2,0,0,0,0,0,0,0,2,2,2,2,2,0,0,0,0,0,0,0,0,0,0,0,0,0,0,0,0,0,0,0,0,0,0,0,0,0,0,0,0,0,0,0,1,0,0,0,0,0,0,0,0,0,0,0,0,0,0,0,0,0,0,0,0,0,0,0,0,0,0,0,0,0,0,2,0,0,0,0,0,0,0
BELO HORIZONTE,2,2,0,0,0,0,0,2,2,0,2,0,0,2,0,2,0,2,0,0,0,0,0,0,0,0,0,0,0,0,0,0,0,2,2,0,0,0,0,0,0,0,0,0,0,0,0,0,0,0,0,0,0,0,2,2,0,0,2,0,0,0,0,2,0,0,0,0,0,0,0,0,0,0,0,0,0,0,0,0,0,0,0,0,0,0,0,0,0,0,0,0,0,0,0,0,0,0,0,0
BERGEN,0,2,0,0,0,0,0,0,2,0,0,2,2,0,0,0,0,2,0,0,0,0,0,0,0,0,2,0,0,0,0,0,0,0,0,0,0,0,0,0,0,0,0,0,0,0,0,0,0,0,0,0,0,0,0,0,0,2,0,0,0,1,0,0,0,0,0,0,0,0,0,0,0,0,0,0,0,0,0,0,0,0,0,0,0,0,0,0,0,0,0,0,0,0,0,0,0,0,0,0
BERLIN,0,2,0,2,2,0,0,3,3,0,2,4,2,0,0,3,2,3,0,0,0,0,0,0,2,0,0,2,0,0,2,0,0,2,2,3,4,2,0,2,0,0,2,2,2,0,3,3,0,0,0,0,2,0,2,3,2,3,0,0,0,3,2,0,0,0,0,0,0,2,3,0,2,0,0,3,2,2,0,2,0,0,2,0,0,0,0,0,0,0,0,2,0,0,2,2,0,0,2,2
BERN,2,2,0,0,0,0,0,0,2,0,0,0,0,0,0,0,0,2,0,0,0,0,0,0,0,0,0,0,0,0,0,0,0,0,0,0,0,0,0,2,0,0,2,0,0,0,0,0,0,0,0,0,0,0,0,0,3,0,0,0,0,0,0,2,0,0,0,0,0,0,0,0,0,0,0,0,0,0,0,0,0,0,0,2,0,0,2,3,0,0,0,0,0,0,0,0,0,0,0,0
BILBAO,2,2,0,0,0,0,0,0,2,0,2,2,0,2,0,0,3,2,0,0,0,0,0,2,0,0,0,0,0,0,0,0,0,0,0,0,2,2,0,2,0,0,0,0,0,0,0,0,0,0,0,0,0,0,2,2,0,0,0,0,3,1,0,2,0,0,0,0,0,0,0,0,0,0,0,0,0,0,0,0,0,0,0,0,0,0,2,0,0,0,0,0,0,0,0,0,0,0,2,0
BIRMINGHAM,2,2,0,0,2,0,0,2,2,3,3,0,3,2,0,2,0,2,0,3,0,0,0,0,0,0,0,2,2,0,0,0,0,0,0,0,0,0,0,0,0,0,0,0,2,0,0,0,0,0,0,0,2,0,2,0,0,0,2,0,0,1,0,2,0,0,0,0,0,0,0,0,0,0,0,0,0,0,0,0,0,0,0,0,0,2,2,3,0,0,0,0,0,0,0,0,0,0,0,0
BOGOTA,0,2,2,0,1,2,2,2,2,0,2,2,2,2,2,2,0,2,0,2,0,0,0,2,2,0,2,2,3,2,0,0,0,2,3,0,2,2,2,4,0,0,0,2,3,2,0,0,0,0,0,0,2,0,0,3,0,3,2,0,0,1,0,0,2,3,0,0,0,2,0,0,0,0,0,0,0,0,0,0,0,0,0,0,0,2,2,0,0,2,0,0,2,2,0,2,0,0,2,0
BOLOGNA,0,3,0,2,0,0,0,0,2,0,0,0,3,0,0,0,0,2,0,0,0,0,0,0,0,0,0,0,0,3,0,0,0,0,0,0,0,0,0,0,0,0,0,0,0,0,0,0,0,0,0,0,0,0,0,0,0,0,2,0,0,1,0,2,0,0,0,0,0,0,0,0,0,0,0,0,0,0,0,0,0,0,0,0,0,0,0,0,0,0,0,0,0,0,0,0,0,0,0,0
BONN,0,0,0,0,0,0,0,0,0,0,0,0,0,0,0,0,2,2,0,0,0,0,0,0,0,0,0,2,0,0,0,0,0,0,2,2,2,0,0,0,0,0,0,0,0,0,0,2,0,0,0,0,0,0,0,2,0,0,0,0,0,2,0,0,0,0,0,0,0,0,0,0,0,0,0,0,0,0,0,0,0,0,0,0,2,0,0,0,0,0,0,0,0,0,0,0,0,0,0,0
BORDEAUX,0,0,0,0,0,0,0,0,3,0,3,1,2,0,0,0,2,2,0,0,0,0,0,0,0,0,0,0,0,0,0,0,0,0,0,0,2,0,2,2,0,0,0,0,0,0,0,0,0,0,0,0,0,0,0,0,0,0,2,0,0,1,2,2,0,0,0,0,0,0,0,0,0,0,0,0,0,0,0,0,0,0,0,0,0,0,2,0,0,0,0,0,0,0,0,0,0,0,0,0
BOSTON,3,2,3,3,0,0,1,0,3,2,0,3,2,2,2,2,0,2,0,2,0,0,0,0,0,0,0,0,0,2,0,2,0,0,0,0,2,3,0,2,2,0,0,0,2,0,0,0,0,0,0,2,3,0,0,3,0,0,2,0,2,3,2,4,5,2,3,2,0,0,0,0,0,0,0,0,0,0,0,0,2,0,0,2,0,3,0,3,2,0,2,5,0,2,2,2,5,0,2,2
BRATISLAVA,3,2,0,2,2,2,2,0,2,0,0,0,0,0,0,2,0,2,0,0,0,0,2,0,2,0,2,2,2,0,0,0,0,0,2,2,0,0,0,0,0,0,0,0,0,0,2,0,0,0,0,0,0,0,0,2,2,0,0,0,0,0,0,0,0,0,0,0,0,0,0,0,2,1,0,2,2,2,0,0,0,0,0,0,0,0,0,2,0,2,0,0,2,0,0,0,0,0,2,0
BRAZILIA,0,0,0,0,0,0,0,0,0,0,0,0,2,2,0,0,0,2,0,0,0,0,0,2,2,0,2,0,2,0,0,0,0,0,0,0,0,0,0,0,4,0,0,0,0,0,0,0,0,0,0,0,0,0,0,2,0,0,0,0,0,0,0,0,0,0,0,0,0,2,0,0,0,0,0,0,0,0,0,0,0,0,0,0,0,0,0,0,0,0,0,0,0,0,0,0,0,0,0,0
BRAZZAVILLE,0,0,0,0,0,0,0,0,0,0,0,0,0,0,0,0,0,0,0,0,0,0,0,0,0,0,0,0,0,0,0,0,0,0,0,0,0,0,0,0,0,0,0,0,0,0,0,0,0,0,0,0,0,0,0,0,0,0,0,0,0,1,0,0,0,0,0,0,0,0,0,0,0,0,0,0,0,0,0,0,0,0,0,0,0,0,0,0,0,0,0,0,0,0,0,0,0,0,0,0
BRISBANE,2,2,2,3,3,0,0,2,2,0,3,3,2,2,2,2,0,2,0,2,0,0,2,0,0,0,0,3,2,0,0,0,0,0,0,0,0,0,0,0,2,0,0,0,2,0,0,0,0,2,2,0,0,0,2,2,0,0,0,0,0,1,0,2,0,3,0,0,0,0,0,0,0,0,0,0,0,0,0,0,0,0,0,0,0,0,0,0,0,0,0,0,0,2,0,0,0,0,2,0
BRISTOL,2,2,0,0,0,0,0,0,2,2,3,0,2,2,2,2,0,2,0,2,0,0,0,0,0,0,0,0,2,0,0,2,0,0,0,0,0,0,0,0,0,0,0,0,2,0,2,0,0,0,0,0,0,0,2,0,0,0,2,0,0,0,0,0,0,0,0,0,0,0,0,0,0,0,0,0,0,3,0,0,0,0,0,2,3,0,2,2,0,0,0,0,0,0,0,0,0,0,0,0
BRUSSELS,2,2,0,0,2,5,2,3,2,0,3,2,2,2,0,0,3,2,1,2,0,3,2,2,3,2,2,3,3,3,0,2,0,4,3,3,3,2,4,2,0,0,0,3,2,0,0,0,2,3,2,3,2,0,2,3,4,0,2,0,0,3,5,2,0,2,2,0,2,2,3,2,4,1,2,4,3,2,2,2,2,0,3,2,2,2,3,0,2,3,0,2,3,0,2,2,3,0,2,2
BUCHAREST,0,0,0,0,0,2,2,2,2,0,3,0,2,2,0,0,0,2,0,0,0,0,2,2,2,2,2,2,2,3,0,0,0,0,2,2,2,0,2,2,0,0,0,0,0,0,0,0,0,2,0,0,0,0,0,2,2,0,0,0,0,1,0,2,0,0,0,0,0,0,0,0,0,0,0,0,0,2,0,0,0,0,0,0,0,0,0,0,0,2,0,0,2,0,0,0,0,0,0,2
BUDAPEST,2,2,0,2,2,0,2,2,3,0,3,0,4,2,2,2,0,2,2,0,0,0,3,2,2,2,2,2,2,2,0,0,0,3,3,2,2,0,3,4,2,2,0,0,2,0,2,3,0,2,0,0,0,0,0,2,2,0,0,0,0,3,0,0,0,0,0,0,0,2,2,0,2,1,0,2,2,3,0,2,0,0,2,0,0,0,0,0,2,2,0,2,2,0,2,2,0,0,2,0
BUENOS AIRES,2,2,0,2,2,4,2,3,2,0,2,2,2,2,2,2,2,2,3,2,0,0,3,2,2,2,2,2,2,3,0,2,0,4,3,2,2,2,0,0,2,2,0,3,3,0,2,0,0,0,0,2,2,2,2,3,2,0,2,0,4,3,0,0,2,2,0,0,0,3,0,0,0,0,0,0,0,0,2,0,0,0,0,2,0,2,3,0,2,2,2,2,2,2,2,4,0,0,2,0
BUFFALO,2,0,0,0,0,0,0,0,2,0,3,0,0,0,0,0,0,2,0,0,0,0,0,0,0,0,0,0,0,0,0,0,0,0,0,0,0,2,0,2,0,0,0,0,0,0,0,0,0,0,0,0,0,0,4,2,0,0,2,0,2,0,0,2,0,3,0,0,0,0,0,0,0,0,0,0,0,0,0,0,0,0,0,0,0,0,0,0,0,0,0,0,0,0,0,0,0,0,0,0
BULAWAYO,2,0,0,0,0,0,2,0,2,0,0,0,0,0,0,0,0,2,0,0,0,0,0,0,0,0,0,0,0,0,0,0,0,0,0,0,0,0,0,0,0,0,0,0,2,0,0,0,0,0,0,0,0,0,0,0,0,0,0,0,0,1,0,0,0,0,0,0,0,0,0,0,0,0,0,0,0,0,0,0,0,0,0,0,0,0,0,0,0,0,0,0,0,0,0,0,0,0,0,0
CAIRO,2,2,0,2,3,2,2,2,2,2,2,2,2,0,2,2,2,2,0,0,0,0,2,2,2,2,2,2,2,2,0,0,0,0,2,2,2,2,3,2,2,0,2,0,3,0,0,0,0,3,0,0,2,0,2,2,2,0,0,0,0,1,0,0,0,0,0,0,0,2,0,0,0,0,0,0,0,0,0,0,0,0,0,0,0,0,0,0,0,2,0,0,2,0,0,0,0,0,0,0
CALCUTTA,2,0,0,0,3,2,0,0,2,0,2,2,0,2,0,0,0,3,0,0,0,0,3,0,2,0,2,2,2,3,2,0,0,0,0,0,2,0,2,2,0,0,0,0,0,0,0,0,0,2,0,0,2,0,4,2,0,0,0,0,0,1,0,0,0,0,0,0,0,0,0,0,0,0,0,0,0,0,0,0,0,0,0,0,0,0,2,0,0,0,0,0,0,0,0,0,0,0,0,0
CALGARY,2,2,0,0,0,0,0,2,2,0,0,3,0,0,2,0,0,2,0,2,0,0,2,0,0,0,2,2,3,0,0,2,0,0,0,0,0,0,0,0,0,0,0,0,2,0,0,0,0,2,0,2,0,0,3,0,0,0,2,0,0,1,0,2,0,3,3,0,0,0,0,0,0,0,0,0,0,0,0,0,0,0,0,2,0,2,0,2,2,0,0,0,0,0,0,0,0,2,0,0
CANBERRA,2,0,0,0,1,0,0,0,2,0,2,2,2,0,2,0,0,2,0,2,0,0,0,0,0,0,0,0,0,0,0,0,0,0,0,0,0,0,0,0,0,0,0,0,0,0,0,0,0,0,2,0,0,0,0,0,0,0,0,0,0,0,0,0,0,0,0,0,0,0,0,0,0,0,0,0,0,0,0,0,0,0,0,2,0,0,0,0,0,0,0,0,0,0,0,0,0,0,2,0
CAPE TOWN,2,2,0,3,2,0,0,2,2,0,2,3,3,2,2,2,0,2,0,0,0,0,0,0,3,2,2,2,0,3,0,0,0,0,0,0,0,0,0,0,0,0,0,0,0,0,0,0,0,0,0,0,0,0,2,0,0,0,0,0,0,1,0,2,0,0,0,0,0,0,0,0,0,0,0,0,0,1,0,0,0,0,0,2,0,0,0,0,0,0,0,0,0,0,0,0,0,0,2,0
CARACAS,0,2,0,2,1,2,2,2,2,0,2,2,2,2,2,2,0,1,2,2,0,0,3,2,2,2,0,2,2,2,0,0,0,2,2,0,2,2,2,0,0,0,0,2,3,0,0,0,0,0,0,2,2,2,2,2,2,0,2,0,0,1,0,0,2,2,0,0,0,3,0,0,0,0,0,0,0,0,0,0,0,0,0,0,0,0,2,0,2,2,0,0,2,2,2,2,0,0,2,0
CARDIFF,2,0,0,0,0,0,0,0,2,0,0,0,0,0,0,2,2,2,0,2,0,0,0,0,0,0,0,0,0,0,0,0,0,0,0,0,0,0,0,0,0,0,0,0,2,0,0,0,0,0,0,0,0,0,0,0,0,0,0,0,0,0,0,0,0,0,0,0,0,0,0,0,0,0,0,0,0,0,0,0,0,0,0,0,0,0,0,0,0,0,0,0,0,0,0,0,0,0,0,0
CASABLANCA,0,2,0,0,2,2,2,0,0,0,0,2,2,0,2,2,3,2,0,0,0,0,2,2,0,2,2,0,2,2,0,0,0,0,0,2,0,0,0,3,0,0,0,0,0,0,0,0,0,2,0,0,0,0,2,2,0,0,0,0,0,1,0,0,0,0,0,0,0,0,0,0,0,0,0,0,0,0,0,0,0,0,0,0,0,0,0,0,0,2,0,0,2,0,0,0,0,0,0,0
CHARLOTTE,2,2,0,2,2,0,0,2,3,0,3,2,0,0,0,2,0,2,0,0,0,0,0,0,0,0,0,0,0,0,0,0,0,0,0,0,0,2,0,0,0,0,0,2,0,0,0,0,0,0,0,0,0,0,0,3,0,0,2,0,2,0,2,0,0,4,0,0,0,0,0,0,0,0,0,0,0,0,0,0,0,0,0,2,0,2,0,0,2,0,0,0,0,0,0,2,0,0,2,0
CHENNAI,2,2,2,0,0,0,0,0,2,0,0,2,2,0,0,0,2,2,2,0,0,0,3,0,2,0,2,2,2,3,2,0,0,0,0,0,2,0,2,2,0,0,0,0,0,0,0,0,0,2,0,0,2,0,2,2,0,0,0,0,0,1,0,0,0,0,0,0,0,0,0,0,0,0,0,0,0,0,0,0,0,0,0,0,0,0,0,0,0,0,0,0,0,0,0,0,0,0,0,0
CHICAGO,2,5,2,2,2,2,5,2,3,2,3,2,4,0,2,2,4,2,3,3,0,5,0,2,3,0,2,2,2,3,2,2,0,2,2,3,3,2,2,2,2,2,3,2,3,3,0,0,4,3,2,4,3,4,2,3,0,0,4,3,2,3,2,3,3,2,3,3,0,5,0,4,0,0,0,0,0,0,0,2,3,5,0,3,0,2,0,0,5,0,2,2,0,2,5,4,3,2,5,0
CHRISTCHURCH,2,0,0,2,1,0,0,2,2,0,0,2,2,2,0,2,0,2,0,2,0,0,0,0,0,0,0,0,0,0,0,0,0,0,0,0,0,0,0,0,0,0,0,0,0,0,0,0,0,0,0,0,0,0,2,0,0,0,0,0,0,1,0,2,0,0,0,0,0,0,0,0,0,0,0,0,0,0,0,0,0,0,0,0,0,0,0,0,0,0,0,0,0,0,0,0,0,0,0,0
CINCINNATTI,2,2,0,2,0,0,1,0,3,0,0,2,2,0,0,0,0,2,0,2,0,0,0,0,0,0,0,0,0,0,0,0,0,0,0,0,0,2,0,0,0,0,0,0,0,0,0,0,0,0,0,0,0,0,0,2,0,0,2,0,2,0,0,2,0,3,0,0,0,0,0,0,0,0,0,0,0,0,0,0,0,0,0,2,0,0,0,0,2,0,0,0,0,0,0,0,0,0,2,0
CIUDAD JUAREZ,2,2,0,0,0,0,0,0,2,0,0,1,0,0,0,0,0,2,0,0,0,0,0,0,0,0,0,0,0,0,0,0,0,0,0,0,0,0,0,0,0,0,0,0,0,0,0,0,0,0,0,0,0,0,0,0,0,0,0,0,0,0,0,0,0,0,0,0,0,2,0,0,0,0,0,0,0,0,0,0,0,0,0,0,0,0,0,0,0,0,0,0,0,0,0,0,0,0,0,0
CLEVELAND,2,2,0,0,0,0,1,0,3,2,0,4,0,2,2,0,0,2,0,2,0,0,0,0,2,0,0,0,0,2,0,0,0,0,0,0,0,2,0,0,0,0,0,0,0,0,0,0,0,0,0,0,0,0,0,3,0,0,2,0,2,1,0,0,0,0,0,0,0,0,0,5,0,0,0,0,0,0,0,0,0,0,0,2,0,2,0,0,2,0,2,0,0,2,2,2,0,0,2,0
COLOGNE,0,2,0,0,3,0,0,0,3,0,0,3,2,0,0,2,2,2,2,0,0,0,0,0,0,0,0,2,0,0,0,0,0,3,2,2,3,0,0,2,0,0,0,2,0,0,2,2,0,0,0,0,0,0,0,2,2,0,0,0,3,1,2,0,0,0,0,0,0,0,0,0,2,0,0,3,0,0,0,0,0,0,0,2,0,0,3,2,0,0,0,0,0,0,0,2,0,0,0,2
COLOMBO,0,0,0,0,0,0,2,0,2,0,0,0,2,2,2,0,0,2,0,0,0,0,0,0,2,0,2,0,2,2,0,0,0,0,0,0,2,0,0,2,0,0,0,0,0,0,0,0,0,2,0,0,0,0,2,2,0,0,0,0,0,1,0,0,0,0,0,0,0,0,0,0,0,0,0,0,0,0,0,0,0,0,0,0,0,1,0,0,0,2,0,0,1,0,0,0,0,0,0,0
COLUMBUS,2,2,0,2,2,0,0,0,3,0,3,2,0,0,0,0,0,2,0,0,0,0,0,0,0,0,0,0,0,0,0,0,0,0,0,0,0,2,0,2,0,0,0,0,0,0,0,0,0,0,0,0,0,0,0,2,0,0,0,0,2,0,0,0,0,0,0,0,0,0,0,3,0,0,0,0,0,0,0,0,0,0,0,0,0,2,0,0,0,0,0,0,0,0,0,0,0,0,2,0
CONAKRY,0,0,0,0,0,0,0,0,0,0,0,0,0,0,0,0,0,0,0,0,0,0,0,0,0,0,0,0,0,0,0,0,0,0,2,0,0,0,2,0,0,0,0,0,0,0,0,0,0,0,0,0,0,0,0,0,0,0,0,0,0,1,0,0,0,0,0,0,0,0,0,0,0,0,0,0,0,0,0,0,0,0,0,0,0,0,0,0,0,0,0,0,0,0,0,0,0,0,0,0
COPENHAGEN,2,2,2,3,3,2,2,2,3,0,2,2,3,4,2,3,2,2,2,0,0,0,3,2,2,2,3,3,4,2,2,0,0,1,2,3,0,0,0,2,0,0,0,0,0,0,0,0,0,0,0,0,0,0,0,2,2,3,2,0,0,3,2,0,0,3,2,0,0,0,0,0,0,0,0,0,0,0,0,0,0,0,0,0,0,0,2,3,0,0,0,2,2,2,2,2,0,0,2,2
CURITIBA,2,2,0,0,0,0,0,2,2,0,0,0,2,2,0,2,0,2,0,0,0,0,0,0,0,0,0,0,0,0,0,0,0,0,0,0,0,0,0,0,0,0,0,0,0,0,0,0,0,0,0,0,0,0,3,2,0,0,2,0,0,0,0,0,0,0,0,0,0,0,0,0,0,0,0,0,0,0,0,0,0,0,0,0,0,0,0,0,0,0,0,0,0,0,0,0,0,0,0,0
DAKAR,3,0,0,0,0,2,0,0,0,0,0,0,0,0,0,2,2,2,0,0,0,0,0,0,0,0,2,0,2,0,0,0,0,0,2,0,0,0,0,0,0,0,0,0,0,0,0,0,0,2,0,0,0,0,0,2,0,0,0,0,0,1,0,0,0,0,0,0,0,0,0,0,0,0,0,0,0,0,0,0,0,0,0,0,0,0,0,0,0,3,0,0,0,0,0,0,0,0,0,0
DALIAN,0,0,0,0,2,0,0,2,0,0,0,0,0,0,0,0,0,2,0,0,0,0,0,0,0,0,0,0,0,0,0,0,0,0,0,0,0,0,2,0,0,0,0,2,0,2,0,0,2,3,2,0,2,3,2,0,0,0,0,0,0,0,0,0,0,0,0,0,0,0,0,0,0,0,0,0,0,0,0,0,0,0,0,0,0,0,0,0,0,0,0,0,0,0,0,0,0,0,0,0
DALLAS,0,2,0,0,0,0,2,2,3,0,3,2,0,2,0,0,0,2,0,3,0,0,0,0,2,0,2,0,2,2,0,2,0,0,0,0,2,2,2,2,0,2,2,0,0,0,0,0,0,0,0,3,2,0,2,3,0,0,4,0,2,3,2,3,0,3,0,0,0,2,0,4,0,0,0,0,0,0,0,0,0,3,0,2,2,2,0,0,2,0,2,2,0,2,2,2,3,0,2,0
DAMASCUS,0,2,0,0,1,0,0,2,0,0,0,0,0,0,2,0,2,0,0,0,0,0,0,0,0,0,0,0,0,2,0,0,0,0,0,0,0,0,0,0,0,0,0,0,0,0,0,0,0,2,0,0,0,0,0,0,0,0,0,0,0,0,0,0,0,0,0,0,0,0,0,0,0,0,0,0,0,0,0,0,0,0,0,0,0,0,0,0,0,0,0,0,2,0,0,0,0,0,0,0
DAR ES SALAAM,0,0,0,0,0,0,0,0,2,0,0,0,2,0,0,0,0,2,0,0,0,0,0,0,2,2,2,0,2,2,0,0,0,0,0,0,0,0,0,0,0,0,0,0,0,0,0,0,0,2,0,0,0,0,0,2,0,0,0,0,0,1,0,0,0,0,0,0,0,0,0,0,0,0,0,0,0,0,0,0,0,0,0,0,0,0,0,0,0,2,0,0,2,0,0,0,0,0,0,0
DENVER,2,2,0,0,0,0,1,3,3,0,0,3,3,0,0,2,0,2,0,2,0,0,0,0,2,0,0,0,0,2,0,0,0,0,0,0,0,2,0,2,0,0,0,2,0,0,0,0,0,2,0,2,0,0,2,3,0,0,2,2,2,0,0,0,4,3,0,0,0,0,0,0,0,0,3,0,0,0,2,0,0,0,2,2,2,2,0,2,2,0,0,0,0,2,0,0,0,0,2,0
DETROIT,2,2,0,0,2,0,1,0,3,0,0,4,0,2,0,0,0,2,3,0,0,0,0,2,3,0,2,2,0,4,0,2,0,0,0,0,2,2,0,2,0,0,0,0,0,0,0,0,0,2,0,0,0,0,0,0,0,0,2,0,2,1,0,0,0,0,0,0,0,0,0,0,0,0,0,0,0,0,0,0,0,0,0,2,0,2,0,0,2,0,0,0,0,0,2,2,0,0,2,0
DHAKA,0,0,0,3,3,0,0,0,2,0,2,0,2,2,0,0,0,2,0,0,0,0,0,0,0,0,2,0,2,2,0,0,0,0,0,0,0,0,0,0,0,0,0,0,0,0,0,0,0,2,0,0,2,0,2,2,0,0,0,0,0,0,0,0,0,0,0,0,0,0,0,0,0,0,0,0,0,0,0,0,0,0,0,0,0,0,0,0,0,2,0,0,1,0,0,0,0,0,0,0
DJIBOUTI,0,0,0,0,0,0,0,0,0,0,0,0,0,0,0,0,0,0,0,0,0,0,0,0,0,0,0,0,0,0,0,0,0,0,0,0,0,0,2,0,0,0,0,0,0,0,0,0,0,0,0,0,0,0,0,0,0,0,0,0,0,1,0,0,0,0,0,0,0,0,0,0,0,0,0,0,0,0,0,0,0,0,0,0,0,0,0,0,0,0,0,0,0,0,0,0,0,0,0,0
DOHA,2,0,0,0,0,1,2,2,2,0,0,1,2,0,0,0,2,2,0,0,0,0,0,0,0,0,0,0,2,0,0,0,0,0,0,0,0,0,0,0,0,0,0,0,0,0,0,0,0,2,0,0,0,0,2,0,0,0,0,0,0,0,0,0,0,0,0,0,0,0,0,0,0,0,0,0,0,0,0,0,0,0,0,0,0,0,0,0,0,2,0,0,2,0,0,0,0,0,2,0
DORTMUND,0,0,0,0,2,0,0,0,0,0,0,0,0,0,0,0,0,2,0,0,0,0,0,0,0,0,0,0,0,0,0,0,0,2,2,2,2,0,0,2,0,0,0,0,0,0,2,2,0,0,0,0,0,0,0,0,0,0,0,0,0,0,0,0,0,0,0,0,0,0,0,0,0,0,0,0,0,0,0,0,0,0,0,0,0,0,0,0,0,0,0,0,0,0,0,0,0,0,0,0
DOUALA,3,0,0,0,0,0,0,0,0,0,2,0,2,0,0,2,0,2,0,0,0,0,0,0,0,2,0,0,2,0,0,0,0,0,0,0,0,0,0,0,0,0,0,0,0,0,0,0,0,0,0,0,0,0,0,2,0,0,0,0,0,1,0,0,0,0,0,0,0,0,0,0,0,0,0,0,0,0,0,0,0,0,0,0,0,0,0,0,0,0,0,0,2,0,0,0,0,0,0,0
DRESDEN,0,2,0,2,0,0,0,0,2,0,0,2,2,2,0,2,2,2,0,0,0,0,0,0,0,0,0,0,2,0,0,0,0,0,2,2,2,0,0,0,0,0,0,0,0,0,3,0,0,0,0,0,0,0,0,2,0,0,0,0,0,0,0,0,0,0,0,0,0,0,0,0,0,0,0,0,2,2,0,2,0,0,0,0,0,0,0,0,0,0,0,0,0,0,0,0,0,0,0,0
DUBAI,2,2,2,2,2,3,2,3,3,0,2,2,2,2,2,2,2,2,0,0,0,0,2,2,2,2,2,2,2,2,0,0,0,2,2,0,0,0,2,0,0,0,0,2,3,0,0,0,0,2,0,0,0,0,2,2,2,0,0,0,0,1,2,2,0,2,0,0,0,0,2,0,0,1,0,0,0,0,0,0,0,0,0,0,2,0,0,0,0,2,0,0,0,0,0,2,0,0,2,0
DUBLIN,2,2,0,2,2,2,2,2,2,0,3,0,2,2,2,2,3,2,0,2,0,0,2,2,0,0,2,2,2,2,0,0,0,2,2,3,2,4,2,3,0,2,2,0,2,0,2,0,0,3,0,0,0,0,3,2,2,2,2,2,0,3,3,3,2,2,2,0,0,0,0,0,0,0,0,0,0,0,0,0,0,0,0,0,2,2,2,0,2,2,0,0,2,0,0,2,0,0,2,0
DURBAN,2,2,0,0,0,0,0,0,2,0,2,2,3,2,2,2,0,2,0,0,0,0,0,0,2,0,2,0,0,0,0,0,0,0,0,0,0,0,0,0,0,0,0,0,0,0,0,0,0,0,0,0,0,0,0,0,0,0,0,0,0,1,0,2,0,0,0,0,0,0,0,0,0,0,0,0,0,0,0,0,0,0,0,0,0,0,0,0,0,0,0,0,0,0,0,0,0,0,0,0
DUSSELDORF,0,2,0,0,3,0,0,0,2,0,3,3,3,2,2,0,2,3,0,2,2,0,0,2,0,0,2,4,0,0,0,0,0,5,2,3,3,0,0,2,0,0,0,0,2,2,2,2,3,3,2,0,3,3,3,2,0,0,2,0,0,3,0,2,0,0,0,0,0,2,3,0,3,0,0,0,2,2,0,3,0,0,0,0,0,2,2,0,0,0,0,2,2,2,2,2,0,0,2,0
EDINBURGH,2,2,0,0,0,0,0,0,2,0,0,1,2,2,0,2,2,2,0,2,0,2,0,0,0,0,0,0,2,0,2,0,0,0,0,0,2,2,0,0,0,2,0,0,2,0,0,0,0,0,0,0,0,0,2,0,0,0,0,0,0,0,0,2,0,0,0,0,0,0,0,0,0,0,0,0,0,0,0,0,0,0,0,0,2,0,0,0,0,0,0,0,0,0,0,0,0,0,0,0
EDMONTON,2,0,0,0,0,0,0,0,2,0,2,2,3,0,0,0,0,2,0,0,0,0,0,0,0,0,0,0,0,0,0,0,0,0,0,0,0,0,0,0,0,0,0,0,2,0,0,0,0,0,0,0,0,0,3,0,0,0,0,0,0,1,0,2,3,3,0,0,0,0,0,0,0,0,0,0,0,0,0,0,0,0,0,0,0,0,0,0,0,0,0,0,0,0,0,0,0,0,0,0
ESSEN,0,0,0,0,0,0,0,0,2,0,0,0,0,0,0,0,0,2,0,0,0,0,0,0,0,0,0,0,2,0,0,0,0,2,2,2,3,0,0,0,0,0,0,0,0,0,2,2,0,0,0,0,0,0,0,2,0,0,0,0,0,0,0,0,0,0,0,0,0,0,0,0,0,0,0,0,0,0,0,0,0,0,0,0,0,0,0,0,0,0,0,0,0,0,0,0,0,0,0,0
FRANKFURT,0,2,0,2,4,2,0,0,3,0,3,3,2,0,0,3,3,4,3,3,2,2,3,3,3,2,2,0,3,4,0,0,2,2,5,5,5,4,2,3,2,2,3,3,4,0,3,2,0,0,0,3,3,2,2,2,2,0,2,2,0,3,3,0,0,0,2,0,2,3,4,2,4,3,0,3,3,2,0,4,2,0,4,3,2,2,0,0,0,0,2,2,0,2,2,4,0,2,2,0
FREETOWN,0,0,0,0,0,0,0,0,2,0,0,0,0,0,0,2,0,0,0,0,0,0,0,0,0,0,0,0,0,0,0,0,0,0,0,0,0,0,0,0,0,0,0,0,0,0,0,0,0,0,0,0,0,0,0,0,0,0,0,0,0,1,0,0,0,0,0,0,0,0,0,0,0,0,0,0,0,0,0,0,0,0,0,0,0,0,0,0,0,2,0,0,0,0,0,0,0,0,0,0
GABORONE,0,0,0,0,0,1,2,0,2,0,0,2,0,0,0,2,0,2,0,0,0,0,0,0,2,2,0,0,0,0,0,0,0,0,0,0,0,0,0,0,0,0,0,0,2,0,0,0,0,0,0,0,0,0,0,0,0,0,0,0,0,0,0,0,0,0,0,0,0,0,0,0,0,0,0,0,0,0,0,0,0,0,0,0,0,0,0,0,0,2,0,0,2,0,0,0,0,0,0,0
GENEVA,2,2,0,0,1,0,2,3,2,0,2,2,3,2,0,2,2,2,0,0,0,0,2,0,0,2,0,0,2,0,0,0,0,0,2,2,2,2,2,2,2,0,2,3,2,0,0,0,0,0,0,2,0,0,3,2,2,0,0,0,0,0,0,3,0,0,0,0,0,2,0,2,0,0,0,0,0,0,0,0,0,0,0,3,0,0,2,0,0,0,0,0,0,0,0,2,0,0,0,0
GENOA,0,0,0,0,0,0,0,0,2,0,0,0,0,2,0,0,0,2,0,0,0,0,0,0,0,0,0,0,0,0,0,0,0,0,0,0,0,0,2,0,0,0,0,0,0,0,0,0,0,0,0,0,0,0,0,0,0,0,0,0,0,1,0,2,0,3,0,0,0,0,0,0,0,0,0,0,0,0,0,0,0,0,0,0,0,0,0,0,0,0,0,0,0,0,0,0,0,0,0,0
GEORGETOWN,0,0,0,0,0,0,2,0,2,0,0,0,0,0,0,2,0,2,0,0,0,0,0,0,0,0,0,0,2,0,0,0,0,0,0,0,0,0,0,0,0,0,0,0,0,0,0,0,0,0,0,0,0,0,0,0,0,0,0,0,0,1,0,0,0,0,0,0,0,0,0,0,0,0,0,0,0,0,0,0,0,0,0,0,0,0,0,0,0,0,0,0,0,0,0,0,0,0,0,0
GLASGOW,2,2,0,0,0,0,0,2,2,0,0,1,3,2,0,2,0,2,0,3,0,0,0,0,0,0,0,0,2,0,0,0,0,0,0,0,0,0,0,0,0,0,0,0,2,0,0,0,0,0,0,2,0,0,2,0,0,0,2,0,0,1,0,2,0,0,0,0,0,0,0,0,0,0,0,0,0,0,0,0,0,0,0,0,0,0,0,3,0,0,0,0,0,0,0,0,0,0,0,0
GOTHENBURG,0,2,0,0,2,0,0,2,2,0,2,0,0,0,2,2,2,2,0,0,0,0,0,0,2,0,0,0,0,0,0,0,0,0,0,0,0,0,0,0,0,0,0,0,0,0,0,0,0,0,0,0,0,0,0,0,0,3,0,0,0,1,0,0,0,0,0,0,0,0,0,0,0,0,0,2,0,0,0,0,0,0,0,0,0,0,2,0,0,0,0,0,0,2,0,2,0,0,2,2
GRENOBLE,0,0,0,0,0,0,0,0,3,0,3,0,0,0,0,0,0,2,0,0,0,0,0,0,0,0,0,0,2,0,0,0,0,0,0,0,0,0,0,0,0,0,0,0,0,0,0,0,0,0,0,0,0,0,0,0,2,0,0,0,0,0,0,2,0,0,0,0,0,0,0,0,0,0,0,0,0,0,0,0,0,0,0,0,0,0,2,0,0,0,0,0,0,0,0,0,0,0,0,0
GUADALAJARA,2,2,2,0,0,0,0,2,3,0,2,2,3,0,0,2,0,2,0,0,0,0,0,0,0,0,0,0,0,0,0,0,0,0,0,0,0,0,0,0,0,0,0,0,0,0,0,0,0,0,0,0,0,0,0,0,0,0,0,2,3,0,2,0,0,0,0,0,0,2,0,0,0,0,0,0,0,0,0,0,0,0,0,0,0,0,0,0,0,0,0,0,0,0,0,0,0,0,0,0
GUANGZHOU,0,2,0,0,0,0,0,0,2,0,0,0,0,0,0,0,0,2,2,0,2,2,3,0,2,2,2,0,2,2,2,0,3,0,2,0,2,0,2,2,0,0,0,2,0,2,0,0,2,3,2,0,2,2,2,0,2,0,0,0,0,2,2,0,0,0,0,0,0,0,0,0,0,0,0,0,0,0,0,0,0,0,0,0,0,0,0,0,0,0,0,0,0,0,0,0,0,0,0,0
GUATEMALA CITY,0,2,0,0,2,2,2,0,2,0,2,2,0,0,0,2,0,2,2,0,0,0,2,0,2,2,2,2,2,2,0,0,0,0,0,0,0,0,0,0,0,0,0,0,0,0,0,0,0,0,0,0,0,0,0,2,0,0,0,0,0,1,0,0,0,0,0,0,0,0,0,0,0,0,0,0,0,0,0,0,0,0,0,0,0,0,0,0,0,0,0,0,0,0,0,0,0,0,0,0
GUAYAQUIL,0,2,0,0,2,0,2,0,2,0,2,2,0,0,0,2,0,2,0,0,0,0,2,2,0,2,2,2,2,2,0,0,0,0,2,0,0,0,0,2,0,0,0,2,0,0,0,0,0,0,0,0,0,0,0,2,0,0,0,0,0,1,0,0,0,0,0,0,0,0,0,0,0,0,0,0,0,0,0,0,0,0,0,0,0,0,0,0,0,0,0,0,0,0,0,0,0,0,0,0
HAMBURG,0,2,0,0,4,0,2,2,3,0,3,2,3,2,0,3,3,2,2,2,2,2,0,2,2,0,0,3,2,2,2,0,0,2,3,2,3,0,0,2,0,2,0,2,2,0,4,2,0,0,0,0,2,0,2,3,2,0,2,0,0,3,0,0,0,0,0,0,0,0,0,0,3,0,0,0,3,2,0,3,0,0,0,0,0,0,3,0,0,0,0,2,0,0,0,2,0,0,2,0
HAMILTON,2,2,2,0,2,0,2,2,2,0,0,2,2,3,0,2,0,2,0,0,0,0,0,0,0,2,0,0,2,0,0,0,0,0,0,0,0,0,0,0,0,0,2,0,2,0,0,0,0,0,0,0,0,0,2,0,2,0,0,0,0,3,2,2,2,2,3,0,0,0,0,0,0,0,0,0,0,0,0,0,0,0,0,0,0,0,0,0,0,0,0,0,2,0,0,0,0,0,0,0
HANNOVER,0,2,0,0,0,0,0,0,3,0,0,0,0,0,0,0,2,2,0,0,0,0,0,0,0,0,0,0,0,0,0,0,0,0,2,2,2,0,0,0,0,0,0,0,0,0,3,2,0,0,0,0,0,0,0,2,0,0,0,0,0,1,0,0,0,0,0,0,0,0,0,0,0,0,0,0,0,0,0,0,0,0,0,0,0,0,0,0,0,0,0,0,0,0,0,0,0,0,0,0
HANOI,2,0,0,0,1,0,0,0,2,0,0,0,0,0,0,0,0,2,0,0,0,0,0,2,0,0,0,0,0,2,0,0,0,0,2,0,2,0,2,0,0,0,0,2,2,2,2,0,0,2,0,0,2,0,0,2,2,0,0,2,0,1,0,0,0,2,0,0,0,2,0,0,2,0,0,0,2,0,0,0,0,0,0,0,0,0,0,0,0,0,0,0,2,0,0,0,0,0,0,0
HARARE,3,0,0,0,0,1,0,0,2,0,0,0,2,0,0,0,0,2,2,0,0,0,2,0,2,2,2,0,2,2,0,0,0,0,0,0,0,0,0,0,0,0,0,0,2,0,0,0,0,2,0,0,0,0,2,0,0,0,0,0,0,1,0,2,0,0,2,0,0,0,0,0,0,0,0,0,0,0,0,0,0,0,0,0,0,2,0,0,0,2,0,0,2,0,0,0,0,0,0,0
HARTFORD,2,2,2,2,0,0,0,0,3,2,0,0,0,0,0,0,0,2,0,0,0,0,0,0,0,0,0,0,0,0,0,0,0,0,0,0,0,2,0,0,0,0,3,0,0,0,0,0,0,0,0,0,0,0,0,3,0,0,2,0,2,0,0,0,0,2,0,0,0,0,0,0,0,0,0,0,0,0,0,0,0,0,0,3,0,0,0,2,0,0,0,0,0,0,0,0,0,0,2,0
HAVANA,0,0,0,0,0,0,0,0,0,0,0,0,2,0,0,0,0,0,0,0,0,0,0,0,0,0,0,0,0,0,0,0,0,0,0,0,0,0,0,0,0,0,0,2,0,0,0,0,0,0,0,0,0,0,0,0,0,0,0,0,0,1,0,0,0,0,3,0,0,0,0,0,0,0,0,0,0,0,0,0,0,0,0,0,0,0,0,0,0,0,0,0,0,0,0,0,0,0,0,0
HELSINKI,2,2,2,0,0,2,2,2,2,0,0,2,2,2,0,2,2,3,2,0,0,0,2,2,2,2,2,2,3,2,2,0,0,1,0,0,0,0,0,0,2,0,0,2,0,0,0,0,0,0,0,0,0,0,0,2,0,2,0,0,0,1,0,0,0,0,0,0,0,0,0,0,0,0,0,0,2,0,0,0,0,0,0,0,0,0,0,0,0,2,0,2,2,2,2,2,0,2,2,2
HO CHI MINH CITY,2,2,0,0,1,0,2,0,2,0,0,0,0,0,0,0,0,2,0,0,2,0,3,2,2,2,2,0,2,2,0,0,3,0,2,0,2,0,2,0,0,2,0,2,2,0,0,0,0,3,2,0,2,2,2,0,2,0,0,2,0,1,2,0,0,2,0,0,0,2,0,0,2,0,0,0,2,0,0,2,0,0,0,0,0,0,0,0,0,2,0,0,0,0,0,0,0,0,0,0
HOBART,0,0,0,0,1,0,0,2,2,0,3,2,2,0,0,2,0,2,0,2,0,0,0,0,0,0,0,2,0,0,0,0,0,0,0,0,0,0,0,0,0,0,0,0,0,0,0,0,0,0,0,0,0,0,0,0,0,0,0,0,0,0,0,2,0,2,0,0,0,0,0,0,0,0,0,0,0,0,0,0,0,0,0,0,0,0,0,0,0,0,0,0,0,0,0,0,0,0,0,0
HONG KONG,0,2,0,3,2,4,4,4,4,0,2,2,3,2,2,2,2,2,2,2,2,3,4,2,4,4,2,4,2,3,2,0,3,4,4,3,4,4,2,3,2,2,3,4,4,3,2,2,3,3,4,3,4,4,3,3,3,2,2,3,4,4,4,3,2,2,2,2,0,3,3,2,3,3,2,3,3,2,2,3,2,2,3,3,2,2,3,0,2,3,3,2,2,2,2,2,2,0,2,0
HONOLULU,2,2,0,0,0,0,1,3,3,0,0,0,0,0,0,2,0,2,0,0,0,0,0,0,0,0,2,0,0,0,0,0,0,0,0,0,0,2,3,0,0,0,0,0,0,0,0,0,0,0,0,0,0,0,0,0,0,0,0,0,2,1,0,0,0,0,0,0,0,0,0,0,0,0,0,0,0,0,0,0,0,0,0,0,0,2,0,0,0,0,0,0,0,0,0,0,0,0,0,0
HOUSTON,0,2,0,0,3,0,1,2,3,2,3,2,2,0,0,3,0,2,0,0,0,0,0,0,0,0,0,2,2,2,0,2,0,2,0,0,2,2,2,2,2,0,2,0,0,4,0,0,0,2,2,2,2,0,2,2,0,0,2,0,2,1,0,2,0,2,3,0,0,2,0,0,0,0,0,0,0,0,0,0,2,0,0,2,2,2,0,3,0,0,0,0,0,2,0,2,0,0,2,0
HYDERABAD,2,0,0,0,1,0,0,0,0,0,0,2,0,0,0,0,0,2,0,0,0,0,0,0,2,0,2,2,2,0,0,0,0,0,0,0,0,0,2,0,0,0,0,0,0,0,0,0,0,0,0,0,0,0,2,0,0,0,0,0,0,0,0,0,0,0,0,0,0,0,0,0,0,0,0,0,0,0,0,0,0,0,0,0,0,0,0,0,0,0,0,0,0,0,0,0,0,0,0,0
INDIANAPOLIS,2,2,0,0,2,0,0,0,3,0,4,4,3,0,0,0,0,2,0,2,0,0,0,0,0,0,0,0,0,0,0,0,0,0,0,0,0,2,0,2,0,0,0,0,0,0,0,0,0,0,0,0,0,0,0,2,0,0,2,0,2,0,2,3,0,0,0,0,0,0,0,0,0,0,0,0,0,0,0,0,0,0,0,2,0,0,0,0,0,0,0,0,0,0,0,0,0,0,2,0
ISLAMABAD,0,0,0,0,1,0,0,0,2,0,2,0,2,0,0,0,0,2,0,0,0,0,2,0,0,0,2,2,2,0,0,0,0,0,0,0,2,0,0,2,0,0,0,0,0,0,0,0,0,2,0,0,0,0,2,2,0,0,0,0,0,0,0,0,0,0,0,0,0,0,0,0,0,0,0,0,0,0,0,0,0,0,0,0,0,0,0,0,0,0,0,0,2,0,0,0,0,0,0,0
ISTANBUL,0,3,2,0,2,3,2,2,3,0,2,2,2,2,2,0,2,2,2,0,0,0,2,2,2,2,2,3,3,2,0,0,0,2,3,2,2,2,4,2,2,2,0,2,3,0,0,0,2,2,0,2,2,0,4,2,3,0,0,0,0,1,2,0,0,0,0,0,0,0,0,0,0,0,0,0,2,0,0,0,0,0,0,0,0,0,0,0,0,3,0,0,2,0,2,2,0,0,2,0
JAIPUR,0,0,0,0,0,0,0,0,0,0,0,2,2,0,0,0,0,0,0,0,0,0,0,0,0,0,0,0,0,0,0,0,0,0,0,0,0,0,0,0,0,0,0,0,0,0,0,0,0,0,0,0,0,0,0,0,0,0,0,0,0,0,0,0,0,0,0,0,0,0,0,0,0,0,0,0,0,0,0,0,0,0,0,0,0,0,0,0,0,0,0,0,0,0,0,0,0,0,0,0
JAKARTA,0,2,0,0,2,2,3,2,3,2,2,2,3,2,2,2,0,2,0,2,0,0,3,2,2,0,2,2,2,2,2,0,2,2,2,2,2,3,4,3,2,3,0,3,2,2,0,2,2,3,4,2,3,4,2,3,2,0,0,2,0,2,0,3,0,0,0,0,0,2,0,0,0,0,0,0,0,0,0,0,0,0,2,0,2,2,0,0,2,3,0,2,2,2,2,2,0,0,2,0
JEDDAH,2,2,0,0,1,0,2,2,2,2,0,2,2,2,0,0,2,2,0,0,0,0,2,2,2,0,2,2,2,2,2,0,0,0,0,0,0,0,0,3,0,0,0,0,0,0,0,0,0,2,0,0,0,0,0,3,0,0,0,0,0,1,0,2,0,2,0,0,0,0,0,0,0,0,0,0,2,0,0,0,0,0,0,0,0,0,0,0,0,2,0,0,0,0,0,0,0,0,0,0
JERUSALEM,0,2,0,0,0,0,0,0,2,0,0,0,2,0,0,0,0,0,0,0,0,2,0,0,0,0,0,0,0,0,0,0,0,0,0,0,0,0,0,0,0,0,0,0,0,0,0,0,0,0,0,0,0,0,0,0,0,0,0,0,0,0,0,0,0,0,0,0,0,0,0,0,0,0,0,0,0,0,0,0,0,0,0,0,0,0,0,0,0,0,0,0,0,0,0,0,0,0,0,0
JOHANNESBURG,2,2,0,0,0,3,2,2,0,0,2,2,3,3,2,2,0,2,2,0,0,0,0,2,4,2,2,3,3,2,0,2,0,2,3,2,2,0,2,2,2,2,0,2,3,0,2,2,0,3,0,2,2,0,0,2,2,0,0,0,3,3,3,3,0,0,2,2,0,0,0,0,0,0,0,0,2,1,0,0,0,0,0,0,0,0,2,0,0,3,0,0,2,0,2,2,2,2,2,2
KABUL,0,0,0,0,0,0,0,0,0,0,0,0,0,0,0,0,0,0,0,0,0,0,0,0,0,0,0,0,0,0,0,0,0,0,0,0,0,0,0,0,0,0,0,0,0,0,0,0,0,0,0,0,0,0,0,0,0,0,0,0,0,1,0,0,0,0,0,0,0,0,0,0,0,0,0,0,0,0,0,0,0,0,0,0,0,0,0,0,0,0,0,0,0,0,0,0,0,0,0,0
KAMPALA,0,0,0,0,0,0,0,0,2,0,0,0,2,0,0,0,0,2,0,0,0,0,0,0,2,2,2,0,2,2,0,0,0,0,0,0,0,0,0,0,0,0,0,0,2,0,0,0,0,0,0,0,0,0,2,2,0,0,0,0,0,1,2,0,0,0,0,0,0,0,0,0,0,0,0,0,0,0,0,0,0,0,0,0,0,0,0,0,0,2,0,0,2,0,0,0,0,0,0,0
KANSAS CITY,2,2,0,0,0,0,1,2,3,0,3,4,0,0,0,0,0,2,0,2,0,0,0,0,0,0,0,0,0,2,0,0,0,0,0,0,0,2,0,2,0,0,0,0,0,0,0,0,0,0,0,0,0,0,0,2,0,0,2,0,2,1,2,0,0,3,0,0,0,0,0,0,0,0,0,0,0,0,0,0,0,0,0,0,0,0,0,0,0,0,0,0,0,2,0,0,0,0,2,0
KARACHI,0,0,0,0,1,2,2,0,3,0,2,2,3,0,0,0,0,2,0,0,0,0,3,2,2,2,2,2,2,2,0,0,0,0,0,0,2,0,0,2,0,0,0,0,0,0,0,0,0,2,0,0,2,0,2,2,2,0,0,0,0,1,0,2,0,2,0,0,0,0,0,0,0,0,0,0,0,0,0,0,0,0,0,0,0,0,0,0,0,2,0,0,0,0,0,0,0,0,0,0
KAWASAKI,0,0,0,0,0,0,0,0,0,0,0,0,0,0,0,0,0,0,0,0,0,0,0,0,0,0,0,0,0,0,0,0,0,0,0,0,0,0,0,0,0,0,0,0,0,2,0,0,0,2,2,0,2,2,0,0,0,0,0,0,0,0,0,0,0,0,0,0,0,0,0,0,0,0,0,0,0,0,0,0,0,0,0,0,0,0,0,0,0,0,0,0,0,0,0,0,0,0,0,0
KHARTOUM,0,0,0,0,0,0,0,0,0,0,0,0,0,0,0,0,2,2,0,0,0,0,0,0,0,0,0,0,0,0,0,0,0,0,0,0,0,0,0,0,0,0,0,0,0,0,0,0,0,0,0,0,0,0,0,0,0,0,0,0,0,1,0,0,0,0,0,0,0,0,0,0,0,0,0,0,0,0,0,0,0,0,0,0,0,0,0,0,0,0,0,0,0,0,0,0,0,0,0,0
KIEV,2,2,0,0,1,0,2,0,2,0,0,0,0,2,0,2,0,2,0,0,0,0,0,2,0,2,2,2,2,2,0,0,0,2,0,2,2,0,2,0,2,2,0,2,0,0,0,0,0,2,0,0,0,0,0,2,0,0,0,0,0,0,0,0,0,0,0,0,0,2,0,0,0,0,0,0,0,1,0,0,0,0,0,0,0,0,0,0,0,0,0,0,2,0,0,0,0,0,0,0
KINGSTON,0,0,0,0,0,0,2,0,2,0,0,0,0,0,0,2,0,2,0,0,0,0,0,0,2,0,2,0,2,2,0,0,0,0,0,0,0,0,0,0,0,0,0,0,0,0,0,0,0,0,0,0,0,0,0,2,0,0,0,0,0,1,0,0,0,2,3,0,0,0,0,0,0,0,0,0,0,0,0,0,0,0,0,0,0,2,0,0,0,3,0,0,2,0,0,0,0,0,0,0
KINSHASA,0,0,0,0,0,0,0,0,0,0,0,0,0,0,0,0,0,2,0,0,0,0,0,0,0,0,0,0,0,0,0,0,0,0,2,0,0,0,0,0,0,0,0,0,0,0,0,0,0,0,0,0,0,0,0,2,0,0,0,0,0,1,2,0,0,0,0,0,0,0,0,0,0,0,0,0,0,0,0,0,0,0,0,0,0,0,0,0,0,1,0,0,0,0,0,0,0,0,0,0
KOBE,0,0,0,0,0,0,0,0,2,0,0,0,0,0,0,0,0,2,0,0,0,0,0,0,0,0,0,0,0,0,0,0,0,0,0,0,0,0,0,0,0,0,0,0,0,2,0,0,0,2,2,0,2,2,0,0,0,0,0,0,0,1,0,0,0,0,0,0,0,0,0,0,0,0,0,0,0,0,0,0,0,0,0,0,0,0,0,0,0,0,0,0,0,0,0,0,0,0,0,0
KRAKOW,0,0,0,0,0,0,0,0,2,0,0,0,0,0,0,0,0,0,0,0,0,0,0,0,0,0,0,0,0,0,0,0,0,0,0,0,0,0,0,0,0,0,0,0,0,0,3,0,0,0,0,0,0,0,0,0,0,0,0,0,0,0,2,0,0,0,0,0,0,0,0,0,0,0,0,0,0,0,0,0,0,0,0,0,0,0,0,0,0,0,0,0,0,0,0,0,0,0,0,0
KUALA LUMPUR,0,2,0,2,2,2,2,2,3,0,2,2,2,2,0,2,0,2,2,0,2,2,3,2,2,0,2,2,3,3,0,0,3,0,2,0,3,3,0,2,2,2,0,2,3,2,0,0,2,3,2,0,3,2,4,2,2,0,0,2,0,1,0,3,0,2,0,0,0,0,0,0,0,0,0,0,0,0,0,0,0,0,0,2,2,2,3,0,2,3,0,2,2,0,2,2,0,0,2,0
KUWAIT,2,2,0,2,1,2,2,2,2,0,0,0,0,0,2,2,2,2,0,0,0,0,2,2,2,0,2,2,2,2,0,0,0,0,0,0,0,0,0,0,0,0,2,0,0,0,0,0,0,2,0,0,0,0,0,0,0,0,0,0,0,1,0,2,0,0,0,0,0,0,0,0,0,0,0,0,0,0,0,0,0,0,0,0,0,0,0,0,0,2,0,0,2,0,0,0,0,0,0,0
KYOTO,0,2,0,0,0,0,0,0,2,0,0,0,0,0,0,0,0,2,0,0,2,0,0,0,0,0,0,0,0,0,0,0,0,0,0,0,0,0,0,0,0,0,0,0,0,2,0,0,0,2,2,0,2,2,0,0,0,0,0,0,0,0,0,0,0,0,0,0,0,0,0,0,0,0,0,0,0,0,0,0,0,0,0,0,0,0,0,0,0,0,0,0,0,0,0,0,0,0,0,0
LA PAZ,0,0,0,0,2,2,2,0,2,0,0,2,0,0,2,2,2,2,0,0,0,0,0,0,0,0,0,0,2,2,0,0,0,0,2,0,0,0,0,0,0,0,0,0,0,0,0,0,0,0,0,0,0,0,0,2,0,0,0,0,0,1,0,0,0,0,0,0,0,0,0,0,0,0,0,0,0,0,0,0,0,0,0,0,0,0,0,0,0,2,0,0,0,0,0,0,0,0,0,0
LABUAN,0,2,0,0,0,0,0,0,2,0,0,0,0,0,0,0,0,2,0,0,0,0,0,0,0,0,0,0,0,0,0,0,0,0,2,2,2,2,2,0,2,2,0,0,3,2,0,2,2,3,2,2,2,3,2,0,0,0,0,0,0,0,0,0,0,0,0,0,0,0,0,0,0,0,0,0,0,0,0,0,0,0,0,0,0,0,0,0,0,0,0,0,0,0,0,0,0,0,0,0
LAGOS,3,0,0,0,1,2,0,2,2,0,0,2,2,0,0,2,0,2,0,0,0,0,0,2,2,2,2,0,2,2,0,0,0,0,0,0,2,2,0,0,0,0,0,0,0,0,0,0,0,0,0,0,0,0,0,2,0,0,0,0,0,1,0,0,0,0,0,0,0,0,0,0,0,0,0,0,0,0,0,0,0,0,0,0,0,0,0,0,0,0,0,0,2,0,0,0,0,0,2,0
LAHORE,0,0,0,0,1,0,0,2,2,0,2,0,2,0,2,0,0,2,0,0,0,0,2,0,0,0,2,0,2,2,0,0,0,0,0,0,2,0,0,2,0,0,0,0,0,0,0,0,0,2,0,0,0,0,2,2,0,0,0,0,0,0,0,0,0,0,0,0,0,0,0,0,0,0,0,0,0,0,0,0,0,0,0,0,0,0,0,0,0,0,0,0,0,0,0,0,0,0,0,0
LAS VEGAS,0,2,0,0,0,0,0,2,3,0,2,0,0,0,0,0,0,2,0,0,0,0,0,0,0,0,0,0,0,2,0,0,0,0,0,0,0,2,2,0,0,0,0,0,0,0,0,0,0,0,0,0,0,0,0,2,0,0,2,0,2,0,0,0,0,0,0,0,0,0,0,0,0,0,0,0,0,0,0,0,0,0,0,0,0,0,0,0,0,0,0,0,0,0,0,0,0,0,0,0
LAUSANNE,2,2,2,0,2,0,0,0,2,0,0,0,0,0,0,0,0,2,0,0,0,0,0,0,0,0,0,0,0,0,0,0,0,0,0,0,0,0,0,0,0,0,2,2,0,0,0,0,0,0,0,0,0,0,0,0,2,0,0,0,0,3,0,2,0,0,0,0,0,0,0,0,0,0,0,0,0,0,0,0,0,0,0,0,0,0,0,0,0,0,0,0,0,0,0,0,0,0,0,0
LEEDS,2,2,0,0,0,0,2,2,2,0,3,2,3,0,0,2,0,2,0,3,0,0,0,0,0,0,0,0,0,0,0,0,0,0,0,0,0,0,0,0,0,0,0,0,2,0,0,0,0,0,0,0,0,0,2,0,0,0,2,0,0,1,0,2,0,0,0,0,0,0,0,0,0,0,0,0,0,0,0,0,0,0,0,0,0,0,0,0,0,0,0,0,0,0,0,0,0,0,0,0
LEIPZIG,0,2,0,3,2,0,0,0,3,0,3,0,0,0,0,2,0,2,0,0,0,2,0,0,0,0,0,0,0,0,0,0,0,2,2,2,0,0,0,0,0,0,0,0,0,0,3,0,0,0,0,0,0,0,0,2,0,0,0,0,0,1,0,0,0,0,0,0,0,0,2,0,2,0,0,2,0,2,0,0,0,0,0,0,0,0,0,0,0,0,0,0,0,0,0,0,0,0,0,0
LIEGE,0,0,0,0,0,0,0,0,0,0,0,0,0,0,0,0,0,2,0,0,0,0,0,0,0,0,0,0,0,0,0,0,0,0,0,0,0,0,0,2,0,0,0,0,0,0,0,0,0,0,0,0,0,0,0,0,0,0,0,0,3,0,0,0,0,0,0,0,0,0,0,0,0,0,0,0,0,0,0,0,0,0,0,0,0,0,0,0,0,0,0,0,0,0,0,0,0,0,0,0
LILLE,0,0,0,0,0,0,0,0,3,0,3,1,2,0,0,2,3,2,0,2,0,0,0,0,0,0,0,0,0,0,0,0,0,0,0,0,0,0,2,2,0,0,0,0,0,0,0,0,0,0,0,0,0,0,0,0,0,0,0,0,0,1,2,2,0,0,0,0,0,0,0,0,0,0,0,0,0,0,0,0,0,0,0,0,0,0,2,0,0,0,0,0,0,0,0,0,0,0,0,0
LIMA,0,2,0,0,2,2,2,2,3,2,3,2,0,2,0,2,2,2,0,2,0,0,2,0,2,2,0,2,2,2,0,0,0,0,2,0,0,0,2,0,0,0,0,2,0,0,0,0,0,0,0,2,0,0,0,2,0,0,0,0,0,1,0,0,0,0,0,0,0,0,0,0,0,0,0,0,0,0,0,0,0,0,0,0,0,0,0,0,0,2,0,0,2,2,0,0,0,0,0,0
LIMASSOL,0,0,0,2,2,0,0,0,2,0,2,2,0,2,0,2,0,2,0,0,0,0,0,0,0,0,0,0,0,0,0,0,0,0,0,0,0,0,2,0,2,0,0,0,0,0,0,0,0,0,0,0,0,0,3,0,0,0,0,0,0,1,0,0,0,0,0,0,0,0,0,0,0,0,0,0,0,0,0,0,0,0,0,0,0,0,0,0,0,0,0,0,2,0,0,0,0,0,0,0
LINZ,2,0,0,0,0,0,0,0,2,0,0,0,0,0,0,0,0,2,0,0,0,0,0,0,0,0,0,0,0,0,0,0,0,0,0,0,0,0,0,0,0,0,0,0,0,0,2,0,0,0,0,0,0,0,0,0,0,0,0,0,0,0,0,0,0,0,0,0,0,0,0,0,0,0,0,0,0,0,0,0,0,0,0,0,0,0,0,0,0,0,0,0,0,0,0,0,0,0,0,0
LISBON,2,2,0,0,2,2,2,2,2,0,2,2,2,2,2,2,3,2,3,0,0,2,3,2,2,2,0,3,4,3,3,0,0,0,3,0,2,2,3,2,0,0,0,0,2,0,2,0,0,0,0,0,2,0,0,2,2,0,0,0,0,3,2,2,0,2,0,0,0,0,0,0,0,0,0,0,0,0,0,0,0,0,0,2,0,2,2,0,2,3,2,2,2,0,2,2,0,0,2,2
LIVERPOOL,2,0,0,2,0,0,0,0,2,0,0,0,2,2,0,2,0,2,0,0,0,0,0,0,0,0,0,0,0,0,0,0,0,0,0,0,0,0,0,0,0,0,0,0,2,0,0,0,0,0,0,0,0,0,2,0,0,0,0,0,0,0,0,2,0,0,0,0,0,0,0,0,0,0,0,0,0,0,0,0,0,0,0,0,0,0,2,0,0,0,0,0,0,0,0,0,0,0,0,0
LJUBLJANA,2,0,0,0,2,0,2,0,2,0,0,0,0,0,0,0,0,2,0,0,0,0,0,2,0,2,2,2,2,2,0,0,0,0,0,0,0,0,0,0,0,0,0,0,0,0,0,2,0,0,0,0,0,0,0,0,0,0,0,0,0,1,0,0,0,0,0,0,0,0,0,0,0,0,0,0,0,0,0,0,0,0,0,0,0,0,0,0,2,2,0,0,2,0,0,0,0,0,0,0
LOME,0,0,0,0,0,0,0,0,0,0,2,0,0,0,0,0,2,0,0,0,0,0,0,0,0,0,0,0,0,2,0,0,0,0,2,0,0,0,0,0,0,0,0,0,0,0,0,0,0,0,0,0,0,0,0,0,0,0,0,0,0,0,0,0,0,0,0,0,0,0,0,0,0,0,0,0,0,0,0,0,0,0,0,0,0,0,0,0,0,0,0,0,0,0,0,0,0,0,0,0
LONDON,3,3,5,2,5,3,4,4,4,4,5,5,5,5,5,5,3,4,3,4,2,3,4,4,4,5,2,4,4,4,4,3,3,4,4,2,4,4,3,3,5,4,3,4,5,4,2,2,3,4,3,4,4,4,5,4,5,4,4,5,4,3,4,5,3,5,5,3,3,5,5,2,5,5,2,5,3,5,2,5,2,3,3,4,5,5,5,4,2,0,3,2,3,2,2,4,4,3,2,2
LOS ANGELES,3,3,2,3,4,0,2,2,3,0,4,3,3,2,2,3,4,2,0,3,0,0,0,2,3,2,2,4,2,3,0,2,2,2,2,2,3,3,2,2,2,0,2,2,2,3,0,0,3,3,4,4,2,4,2,3,2,0,4,0,2,3,2,3,3,2,3,5,3,0,0,3,0,0,2,0,2,0,4,0,2,4,3,3,0,3,0,5,2,0,0,2,0,2,2,3,3,0,2,0
LUANDA,1,0,0,0,0,0,0,0,2,0,0,0,0,0,0,0,0,2,0,0,0,0,0,0,0,0,0,0,0,0,0,0,0,0,0,0,0,0,0,0,0,0,0,0,0,0,0,0,0,2,0,0,0,0,2,2,0,0,0,0,0,1,0,0,0,0,0,0,0,0,0,0,0,0,0,0,0,0,0,0,0,0,0,0,0,0,0,0,0,2,0,0,2,0,0,0,0,0,0,0
LUCKNOW,0,0,0,0,0,0,0,0,0,0,0,0,0,0,0,0,0,0,0,0,0,0,0,0,0,0,0,0,0,0,0,0,0,0,0,0,0,0,0,0,0,0,0,0,0,0,0,0,0,0,0,0,0,0,0,0,0,0,0,0,0,0,0,0,0,0,0,0,0,0,0,0,0,0,0,0,0,0,0,0,0,0,0,0,0,0,0,0,0,0,0,0,0,0,0,0,0,0,0,0
LUSAKA,0,0,0,0,0,0,2,0,2,0,0,2,0,0,0,2,0,2,0,0,0,0,2,0,2,2,2,0,2,0,0,0,0,0,0,0,0,0,0,0,0,0,0,0,2,0,0,0,0,2,0,0,0,0,2,2,0,0,0,0,0,1,0,0,0,0,0,0,0,0,0,0,0,0,0,0,0,0,0,0,0,0,0,0,0,0,0,0,0,2,0,0,2,0,0,0,0,0,0,0
LUXEMBOURG,0,2,0,0,2,2,2,0,3,0,2,2,2,2,2,3,2,2,0,0,0,0,0,0,0,0,0,0,0,0,0,0,0,3,3,2,2,4,2,3,0,0,2,0,2,3,2,3,2,0,0,0,2,2,2,2,3,2,0,0,0,2,4,2,0,0,0,0,0,0,3,0,0,2,0,2,0,0,0,0,0,0,0,0,2,0,0,0,0,0,0,0,2,0,0,0,0,0,0,0
LYON,0,2,0,0,2,0,0,0,3,0,3,3,3,2,0,3,5,3,0,0,0,0,0,0,0,0,0,0,2,0,2,0,0,0,0,0,2,0,2,2,0,0,0,0,0,0,0,0,0,0,0,0,0,0,0,0,0,0,2,0,0,2,0,2,0,0,0,0,0,0,0,0,0,0,0,0,0,0,0,0,0,0,0,0,0,0,2,0,0,0,0,0,0,0,0,0,0,0,2,2
MACAU,0,0,0,0,1,1,0,0,2,0,0,0,0,0,0,0,0,2,0,0,0,0,0,0,0,0,0,0,0,0,0,0,0,0,0,0,0,0,2,0,0,0,0,0,0,0,0,0,0,0,0,0,0,0,2,0,0,0,0,0,0,0,0,0,0,0,0,0,0,0,0,0,0,0,0,0,0,0,0,0,0,0,0,0,0,0,0,0,0,2,0,0,2,0,0,0,0,0,0,0
MADRID,2,2,2,0,3,3,2,3,2,0,2,4,2,2,0,2,3,3,2,2,0,2,3,2,2,2,2,3,3,4,0,2,2,3,3,2,3,2,4,3,2,2,2,3,3,0,2,0,0,3,0,3,3,0,4,3,3,2,2,0,3,1,0,3,0,3,0,0,0,0,2,2,2,2,0,2,0,0,0,0,0,0,0,2,0,2,4,2,2,3,2,2,2,2,2,4,3,0,3,2
MAINZ,0,0,0,0,0,0,0,0,2,0,0,0,0,0,0,0,2,2,0,0,0,0,0,0,0,0,0,0,0,0,0,0,0,2,0,2,2,0,0,0,0,0,0,0,0,0,2,0,0,0,0,0,0,0,0,0,0,0,0,0,0,1,0,0,0,0,0,0,0,0,0,0,0,0,0,0,0,0,0,0,0,0,0,0,0,0,2,0,0,0,0,0,0,0,0,0,0,0,0,0
MALACCA,0,0,0,0,0,0,0,2,0,0,0,0,0,0,0,0,0,0,0,0,0,0,0,0,0,0,0,0,0,0,0,0,0,0,0,0,0,0,0,0,0,0,0,0,0,0,0,0,0,0,0,0,0,0,2,0,0,0,0,0,0,0,0,2,0,0,0,0,0,0,0,0,0,0,0,0,0,0,0,0,0,0,0,0,0,0,0,0,0,0,0,0,0,0,0,0,0,0,0,0
MALMO,0,2,0,0,2,0,0,2,2,0,0,2,0,0,0,2,0,0,0,0,0,0,0,0,2,0,0,0,2,2,0,0,0,0,0,0,0,0,0,0,0,0,0,0,0,0,0,0,0,0,0,0,0,0,0,0,0,2,0,0,0,1,0,0,0,0,0,0,0,0,0,0,0,0,0,2,0,0,0,0,0,0,0,0,0,0,2,0,0,0,0,0,0,2,0,0,0,0,0,2
MANAGUA,0,0,0,0,1,0,2,0,2,0,0,0,0,0,0,0,0,2,0,0,0,0,2,0,2,0,2,2,0,2,0,0,0,0,0,0,0,0,0,0,0,0,0,0,0,0,0,0,0,0,0,0,0,0,0,0,0,0,0,0,0,1,0,0,0,0,0,0,0,0,0,0,0,0,0,0,0,0,0,0,0,0,0,0,0,0,0,0,0,0,0,0,2,0,0,0,0,0,0,0
MANAMA,2,0,0,0,2,0,0,2,2,0,0,0,2,0,0,2,2,2,0,0,0,0,0,0,0,0,2,0,2,0,0,0,0,0,0,2,2,2,3,2,0,0,3,2,0,2,0,0,2,3,2,0,2,2,2,2,0,0,0,0,0,0,0,3,0,0,0,0,0,2,0,0,0,0,0,0,0,0,0,0,0,0,0,0,0,0,0,0,0,2,0,0,2,0,0,0,0,0,0,0
MANAUS,0,0,0,0,0,0,0,0,0,0,0,0,0,2,0,0,0,0,0,0,0,0,0,0,0,0,0,0,0,0,0,0,0,0,0,0,0,0,0,3,0,0,0,0,0,0,0,0,0,0,0,0,0,0,0,0,0,0,0,0,0,1,0,0,0,0,0,0,0,0,0,0,0,0,0,0,0,0,0,0,0,0,0,0,0,0,0,0,0,0,0,0,0,0,0,0,0,0,0,0
MANCHESTER,2,2,0,2,2,0,0,2,2,2,3,1,2,2,0,2,0,2,0,2,0,0,0,0,0,0,0,0,2,3,0,0,0,0,0,0,0,0,0,0,2,0,0,0,2,0,0,0,0,0,0,0,0,0,2,0,0,0,2,0,0,1,0,2,0,0,0,0,0,0,0,0,0,0,0,0,0,0,0,0,0,0,0,0,2,0,3,0,0,0,0,0,0,0,0,0,0,0,2,0
MANILA,2,3,2,0,1,2,2,2,2,0,2,2,0,2,2,2,0,2,2,0,2,1,3,2,2,2,2,2,2,3,0,0,0,0,2,0,2,2,2,2,2,0,0,3,2,2,0,0,2,3,2,2,2,2,2,2,2,0,0,2,0,1,0,3,0,2,0,0,0,3,0,0,0,0,0,0,0,0,0,0,0,0,0,0,0,2,0,0,2,3,0,0,2,0,0,2,0,0,2,0
MANNHEIM,0,0,0,0,0,0,0,0,2,0,0,0,0,0,0,0,2,0,0,0,0,0,0,0,0,0,0,0,0,0,0,0,0,0,2,2,2,0,0,0,0,0,0,0,0,0,2,2,0,0,0,0,0,0,0,0,0,0,0,0,0,0,0,0,0,0,0,0,0,0,0,0,0,0,0,0,0,0,0,0,0,0,0,0,0,0,0,0,0,0,0,0,0,0,0,0,0,0,0,0
MAPUTU,0,0,0,0,0,2,2,0,2,0,0,0,0,0,0,0,0,2,0,0,0,0,0,0,2,2,2,0,2,2,0,0,0,0,0,0,0,0,0,0,0,0,0,0,0,0,0,0,0,2,0,0,0,0,2,0,0,0,0,0,0,1,0,0,0,0,0,0,0,0,0,0,0,0,0,0,0,0,0,0,0,0,0,0,0,0,0,0,0,0,0,0,2,0,0,0,0,0,0,0
MARSEILLE,0,0,2,2,2,0,0,0,3,0,3,1,2,0,0,2,2,2,0,2,0,0,0,0,0,0,0,0,0,0,0,0,0,0,2,0,2,0,2,2,0,0,0,0,0,0,0,0,0,0,0,0,0,0,0,0,0,0,0,0,0,1,2,2,0,0,0,0,0,0,0,0,0,0,0,0,0,0,0,0,0,0,0,0,0,0,2,0,0,0,0,0,0,0,0,0,0,0,0,0
MEDAN,0,2,0,0,0,0,0,0,2,0,0,0,0,0,0,0,0,0,0,0,0,0,0,0,0,0,0,0,0,0,0,0,0,0,0,0,0,0,0,0,0,0,0,0,0,0,0,0,0,2,0,0,0,0,0,0,0,0,0,0,0,0,0,2,0,0,0,0,0,0,0,0,0,0,0,0,0,0,0,0,0,0,0,0,0,0,0,0,0,0,0,0,0,0,0,0,0,0,0,0
MEDELLIN,0,2,0,0,1,0,0,0,2,0,0,0,0,2,0,2,0,2,0,0,0,0,0,0,0,0,0,2,2,0,0,0,0,0,0,0,0,0,0,2,0,0,0,0,0,0,0,0,0,0,0,0,0,0,0,0,0,0,2,0,0,0,0,0,0,2,0,0,0,0,0,0,0,0,0,0,0,0,0,0,0,0,0,0,0,0,0,0,0,0,0,0,0,0,0,0,0,0,0,0
MELBOURNE,2,2,3,0,2,0,2,2,3,2,3,3,3,2,2,2,0,2,2,3,2,0,3,2,3,0,3,4,2,3,0,2,0,0,2,2,0,2,0,2,2,0,2,2,2,0,0,0,0,2,2,3,2,2,3,2,0,0,2,0,0,3,2,2,0,3,0,0,0,3,0,0,0,0,0,0,0,0,0,0,0,0,0,3,2,2,0,0,2,0,0,2,0,2,2,2,3,0,2,0
MEXICO CITY,2,2,2,2,3,2,2,2,3,0,2,3,3,4,2,3,0,2,2,2,0,0,0,2,2,2,2,2,2,3,0,2,0,2,2,2,0,2,2,2,2,2,0,0,3,2,2,2,0,3,2,3,2,2,2,2,2,2,2,3,0,3,0,0,2,0,3,0,0,2,0,0,0,0,0,0,2,0,0,0,0,0,2,3,0,2,0,0,3,2,2,2,2,2,2,2,2,0,0,0
MIAMI,2,2,3,2,1,0,4,4,3,0,3,3,0,2,2,3,0,2,3,3,0,0,4,0,4,4,2,4,3,2,0,0,0,0,2,0,2,2,2,2,0,0,2,0,3,0,0,0,0,0,0,3,2,0,3,4,0,4,4,0,2,1,3,0,0,0,0,0,3,2,0,0,0,0,0,0,3,0,0,0,0,0,0,4,0,2,0,0,0,0,0,0,0,2,2,2,0,0,2,0
MILAN,0,3,2,2,3,2,2,2,2,2,4,2,3,3,0,2,3,3,2,3,0,2,3,3,2,2,2,3,3,4,0,0,0,3,2,3,4,2,4,3,2,2,3,2,3,0,2,2,0,2,0,2,3,0,3,2,3,2,2,0,0,3,3,3,0,3,2,0,0,2,2,0,2,3,0,3,0,0,0,0,0,0,2,3,2,2,2,2,2,2,3,2,2,2,2,4,2,2,2,2
MINNEAPOLIS,2,2,0,2,0,0,1,0,3,3,4,2,3,0,0,0,0,2,0,2,0,0,0,0,0,0,0,2,0,0,0,5,0,0,0,0,0,2,0,2,0,0,0,2,0,0,0,0,0,0,0,0,2,0,2,3,2,0,2,0,2,0,3,0,0,2,0,0,0,0,0,0,0,0,5,0,0,0,0,0,0,0,0,3,0,2,0,0,2,0,0,0,0,0,0,2,0,5,2,0
MINSK,0,0,0,0,0,0,0,0,0,0,0,0,0,0,0,0,0,0,0,0,0,0,0,0,0,2,0,0,2,0,0,0,0,0,2,2,0,0,0,0,0,0,0,0,0,0,0,0,0,0,0,0,0,0,0,0,0,0,0,0,0,0,0,0,0,0,0,0,0,0,0,0,0,0,0,0,0,1,0,0,0,0,0,0,0,0,0,0,0,0,0,0,2,0,0,0,0,0,0,0
MOMBASA,0,0,0,0,0,0,0,0,0,0,0,0,0,0,0,2,0,2,0,0,0,0,0,0,0,0,0,0,0,0,0,0,0,0,0,0,0,0,0,2,0,0,0,0,2,0,0,0,0,0,0,0,0,0,0,0,0,0,0,0,0,1,0,0,0,0,0,0,0,0,0,0,0,0,0,0,0,0,0,0,0,0,0,0,0,0,0,0,0,0,0,0,0,0,0,0,0,0,0,0
MONROVIA,0,0,0,0,0,0,0,0,0,0,0,0,0,0,0,2,0,0,0,0,0,0,0,0,0,0,0,0,0,0,0,0,0,0,0,0,0,0,0,0,0,0,0,0,0,0,0,0,0,0,0,0,0,0,0,0,0,0,0,0,0,1,0,0,0,0,0,0,0,0,0,0,0,0,0,0,0,0,0,0,0,0,0,0,0,0,0,0,0,2,0,0,0,0,0,0,0,0,0,0
MONTERREY,2,2,2,0,2,0,0,2,2,0,2,2,2,2,0,2,0,2,0,0,0,0,0,0,0,0,0,0,0,0,0,0,0,0,0,0,0,2,0,0,0,0,0,0,0,0,0,0,0,0,0,0,0,0,2,2,0,0,2,2,0,0,0,0,0,0,0,0,0,2,0,0,0,0,0,0,0,0,0,0,0,0,0,0,0,0,0,0,0,0,0,2,0,0,0,2,0,0,0,0
MONTEVIDEO,2,0,0,2,2,2,2,2,2,0,2,2,3,0,2,2,0,2,0,0,0,0,2,2,2,0,2,2,2,2,0,0,0,2,3,0,2,0,2,0,0,0,0,2,0,0,0,0,0,0,0,0,0,0,3,2,0,0,0,0,0,1,0,0,0,1,0,0,0,0,0,0,0,0,0,0,0,0,0,0,0,0,0,0,0,0,0,0,0,2,0,0,2,0,0,0,0,0,0,0
MONTREAL,3,3,2,2,3,0,3,2,2,3,2,0,3,2,0,2,0,3,0,2,0,2,2,2,2,0,2,2,3,3,0,2,0,0,0,0,2,0,2,2,2,0,0,0,2,0,0,0,0,2,0,2,2,0,3,0,0,0,2,0,0,1,0,2,2,3,3,0,0,0,0,0,0,0,0,0,0,0,0,0,0,0,3,3,0,2,0,3,2,0,2,0,2,0,0,2,0,2,2,0
MOSCOW,2,2,0,2,2,2,2,2,2,2,2,2,2,2,2,2,2,2,0,0,0,2,2,2,2,2,2,2,2,2,0,0,0,3,3,2,2,2,4,2,0,2,0,0,2,0,2,2,0,2,0,2,2,0,3,2,0,0,0,0,0,1,0,0,0,0,0,2,0,2,2,0,2,2,0,2,2,2,0,2,2,0,2,0,0,0,0,0,0,3,0,2,2,2,2,2,2,0,2,0
MUMBAI,2,2,2,0,2,0,2,3,3,0,2,3,2,2,2,3,2,3,2,0,0,2,3,2,2,2,3,2,2,4,2,2,0,2,3,3,2,2,2,3,2,2,0,2,3,2,2,0,3,3,0,2,2,2,4,2,2,0,0,2,0,1,2,0,0,0,0,0,0,0,0,0,0,0,0,0,1,0,0,0,0,0,0,0,0,2,0,0,2,0,0,2,2,0,0,2,0,0,2,0
MUNICH,0,2,0,3,3,0,0,3,3,0,3,2,2,2,0,3,3,3,0,3,2,2,0,0,0,0,0,2,0,0,2,0,0,2,3,3,3,0,0,2,0,0,0,0,3,0,5,5,0,0,0,0,2,0,2,2,4,0,2,0,0,3,0,0,0,0,0,0,0,2,2,0,2,0,0,3,0,2,0,2,0,0,2,0,0,2,2,0,0,0,2,2,0,2,2,2,4,0,2,2
NAGOYA,0,2,0,0,0,0,0,0,2,0,0,0,0,0,0,0,0,0,0,0,2,0,0,0,0,0,0,0,0,0,0,0,2,0,0,0,2,0,0,0,0,0,0,0,0,2,0,0,0,2,2,0,2,2,0,2,0,0,0,0,0,0,0,0,2,0,0,0,0,0,0,0,0,0,0,0,0,0,0,0,0,0,0,0,2,0,0,0,0,0,0,0,0,0,0,0,0,0,2,0
NAIROBI,3,0,0,0,1,2,0,2,3,0,0,2,0,0,2,2,0,2,0,0,0,0,2,2,2,2,2,0,2,2,0,0,0,0,0,0,0,0,0,2,0,0,0,0,2,0,0,0,0,2,0,0,2,0,2,2,0,0,0,0,0,1,0,0,0,0,0,0,0,0,0,0,0,0,0,0,0,0,0,0,0,0,0,0,0,0,0,0,0,0,0,0,2,0,0,0,0,0,0,0
NANJING,0,0,0,0,0,0,0,0,0,0,0,0,0,0,0,0,0,0,0,0,0,0,0,0,0,0,0,0,0,0,0,0,0,0,0,0,0,0,0,0,0,0,0,0,0,2,0,0,0,2,0,0,2,0,2,0,0,0,0,0,0,0,0,0,0,0,0,0,0,0,0,0,0,0,0,0,0,0,0,0,0,0,0,0,0,0,0,0,0,0,0,0,0,0,0,0,0,0,0,0
NAPLES,0,2,0,0,2,0,0,0,2,0,0,0,0,0,0,0,0,2,0,0,0,0,0,0,0,0,0,0,0,0,0,0,0,0,0,0,3,0,0,0,0,0,0,0,0,0,0,0,0,0,0,0,0,0,0,0,0,0,0,0,0,1,0,2,0,0,0,0,0,0,0,0,0,0,0,0,0,0,0,0,0,0,0,0,0,0,2,0,0,0,0,0,0,0,0,0,0,0,0,0
NASSAU,0,0,0,2,2,2,2,2,2,2,2,2,0,2,0,2,0,2,0,0,0,0,0,0,0,0,0,0,2,0,0,0,0,0,0,0,0,2,2,0,2,0,0,0,2,0,0,0,0,0,0,2,0,0,3,2,0,0,0,0,0,0,3,0,0,2,3,0,0,0,0,0,0,0,0,0,0,0,0,0,0,0,0,0,0,0,0,0,0,2,0,0,2,0,0,0,0,0,0,0
NEW DELHI,2,2,0,0,2,0,2,0,2,0,2,2,2,2,0,3,2,2,2,0,2,2,3,0,2,0,2,2,3,3,2,0,0,0,0,0,2,0,2,2,0,2,0,2,3,2,0,0,2,2,2,0,2,0,3,2,0,0,2,2,0,1,0,0,0,3,0,0,0,0,0,0,0,0,0,0,0,0,0,0,0,0,0,0,3,2,0,0,3,0,0,0,0,0,2,2,0,0,2,0
NEW ORLEANS,2,2,2,0,0,0,0,0,3,0,0,0,2,0,0,0,0,2,0,0,0,0,0,0,0,0,0,0,0,0,0,0,0,0,0,0,0,2,0,0,0,0,0,0,0,0,0,0,0,0,0,0,0,0,0,0,0,0,0,0,2,1,0,3,0,0,0,0,0,0,0,0,0,0,0,0,0,0,0,0,0,0,0,0,0,0,0,0,0,0,0,0,0,0,0,0,0,0,0,0
NEW YORK,5,3,2,5,4,2,4,5,3,5,3,4,4,2,2,3,4,5,5,5,3,2,5,5,5,5,5,5,5,5,5,2,2,4,2,3,4,5,3,4,5,2,3,3,4,4,2,2,3,4,3,5,4,4,4,5,0,4,5,2,5,3,3,4,4,2,2,4,4,3,4,4,4,2,4,3,5,0,4,2,5,4,5,5,2,2,0,4,2,5,5,2,5,4,2,5,3,2,2,5
NEWCASTLE,2,2,0,0,0,0,0,0,2,0,0,1,2,0,0,0,0,2,0,2,0,0,0,0,0,0,0,0,0,0,0,0,0,0,0,0,0,0,0,0,0,0,0,0,2,0,0,0,0,0,0,0,0,0,2,0,0,0,0,0,0,0,0,2,0,0,0,0,0,0,0,0,0,0,0,0,0,0,0,0,0,0,0,0,0,0,0,0,0,0,0,0,0,0,0,0,0,0,2,0
NICOSIA,0,0,0,0,2,2,2,3,2,0,0,2,2,2,2,2,3,2,0,0,0,0,0,2,0,0,2,2,2,0,0,0,0,0,0,0,0,0,0,0,0,0,0,0,0,0,0,0,0,0,0,0,0,0,2,0,2,2,0,0,0,1,0,2,0,2,0,0,0,0,0,0,0,0,0,0,0,0,0,0,0,0,0,0,0,0,0,0,0,2,0,0,0,0,0,0,0,0,0,0
NORWICH,0,0,0,0,0,0,0,2,2,0,0,2,0,2,0,2,0,2,0,0,0,0,0,0,0,0,0,0,0,0,0,0,0,0,0,0,0,0,0,0,0,0,0,0,2,0,0,0,0,0,0,0,0,0,2,0,0,0,0,0,0,0,0,0,0,0,0,0,0,0,0,0,0,0,0,0,0,0,0,0,0,0,0,0,0,0,0,0,0,0,0,0,0,0,0,0,0,0,0,0
NOTTINGHAM,2,2,0,2,0,0,0,2,2,0,0,0,0,2,0,2,0,2,0,2,0,0,0,0,0,0,0,0,0,0,0,0,0,0,0,0,0,0,0,0,0,0,0,0,2,0,0,0,0,0,0,0,0,0,2,0,0,0,0,0,0,0,0,2,0,0,0,0,0,0,0,0,0,0,0,0,0,0,0,0,0,0,0,0,0,0,2,2,0,0,0,0,0,0,0,0,0,0,0,0
NUREMBERG,0,0,0,2,0,0,0,0,2,0,0,0,0,0,0,2,2,2,0,0,0,0,0,0,0,0,0,2,2,0,0,0,0,0,2,2,2,0,0,0,0,0,0,0,0,0,3,2,0,0,0,0,0,0,0,2,0,0,0,0,0,1,0,0,0,0,0,0,0,0,0,0,0,0,0,0,0,0,0,0,0,0,0,0,0,0,0,0,0,0,0,0,0,0,0,0,0,0,0,0
OMAHA,0,2,0,0,0,0,1,0,2,0,3,2,0,0,0,0,0,2,0,0,0,0,0,0,0,0,0,0,0,0,0,0,0,0,0,0,0,2,0,0,0,0,0,0,0,0,0,0,0,0,0,0,0,0,0,2,0,0,0,0,2,0,0,0,0,0,0,0,0,0,0,0,0,0,0,0,0,0,0,0,0,0,0,0,0,0,0,0,0,0,0,0,0,0,0,0,0,0,0,0
OSAKA,0,2,0,0,0,0,0,0,2,0,2,1,0,0,0,0,0,2,0,0,2,0,0,0,0,0,0,0,2,0,0,0,2,2,0,0,2,2,0,0,0,0,0,0,0,3,0,0,0,5,2,0,2,2,2,2,0,0,0,0,0,0,0,3,0,0,0,0,0,0,0,0,0,0,0,0,0,0,0,0,0,0,0,0,0,0,0,0,0,0,0,0,0,0,0,2,0,0,2,0
OSLO,2,2,2,2,2,2,2,3,3,0,0,3,2,2,3,2,2,2,2,0,0,0,0,2,0,2,2,2,4,0,0,2,0,0,0,0,2,2,0,2,0,0,0,0,0,0,0,0,0,2,0,0,0,0,0,2,2,2,0,0,0,1,2,0,0,0,0,0,0,0,0,0,0,0,0,0,0,0,0,0,0,0,0,0,2,0,0,2,0,0,0,2,2,2,2,0,0,0,0,2
OTTAWA,0,2,0,0,0,0,0,0,2,0,2,0,2,0,0,0,0,2,0,2,0,0,0,0,0,0,0,0,0,2,0,0,0,0,0,0,0,0,0,0,0,0,0,0,0,0,0,0,0,0,0,0,0,0,2,0,0,0,0,0,0,0,0,2,0,2,0,0,0,0,0,0,0,0,0,0,0,0,0,0,0,0,0,0,0,2,0,3,0,0,0,0,0,0,2,0,0,0,2,0
PALERMO,0,0,0,0,0,0,0,0,2,0,0,0,0,0,0,0,0,2,0,0,0,0,0,0,0,0,0,0,0,0,0,0,0,0,0,0,0,0,0,0,0,0,0,0,0,0,0,0,0,0,0,0,0,0,0,0,0,0,0,0,0,1,0,2,0,0,0,0,0,0,0,0,0,0,0,0,0,0,0,0,0,0,0,0,0,0,2,0,0,0,0,0,0,0,0,0,0,0,0,0
PALO ALTO,2,0,0,0,0,0,0,2,2,0,0,0,0,0,0,0,0,2,0,2,0,0,0,0,0,0,0,0,0,0,0,0,0,0,0,0,0,2,2,2,2,0,0,0,0,0,0,0,0,0,0,3,0,0,0,2,0,0,0,0,2,0,0,0,0,0,0,3,0,2,0,0,0,0,0,0,2,0,3,0,2,0,3,0,0,0,0,0,0,0,0,0,0,0,0,4,0,0,2,0
PANAMA CITY,0,2,2,2,2,2,2,2,3,0,0,2,0,0,0,2,2,2,0,0,0,0,2,2,2,0,2,2,3,2,0,0,0,0,0,0,0,2,2,2,0,0,2,0,0,0,0,0,0,0,0,0,2,2,2,2,0,0,0,0,0,1,2,0,0,0,0,0,0,0,0,0,0,0,0,0,0,0,0,0,0,0,0,0,0,0,0,0,0,0,0,0,2,0,0,0,0,0,0,0
PARIS,2,3,2,3,3,2,2,2,3,0,3,2,4,2,2,3,4,4,3,3,2,2,2,2,2,2,2,3,4,0,3,2,2,4,4,3,3,2,5,4,2,3,3,3,4,2,2,2,0,3,0,2,3,3,4,2,3,2,2,2,0,3,4,3,0,3,2,0,0,3,3,2,4,2,0,3,3,0,0,2,2,0,3,3,2,2,5,2,2,3,2,2,2,2,2,4,2,2,2,2
PENANG,0,2,0,0,2,0,0,2,2,0,0,2,0,0,0,0,0,0,0,0,0,0,0,0,0,0,0,0,0,0,0,0,0,0,0,0,0,0,0,0,0,0,0,0,0,0,0,0,0,0,0,0,0,0,0,2,0,0,0,0,0,1,0,2,0,0,0,0,0,0,0,0,0,0,0,0,0,0,0,0,0,0,0,0,0,0,0,0,0,0,0,0,0,0,0,0,0,0,0,0
PERTH,2,2,2,3,2,0,0,2,2,0,3,2,3,3,2,2,0,2,0,2,0,0,2,0,0,0,0,2,0,0,0,0,0,0,0,0,2,0,0,0,0,0,0,0,2,0,0,0,0,2,0,0,0,0,2,2,0,0,2,0,0,1,2,2,0,3,0,0,0,0,0,0,0,0,0,0,0,0,0,0,0,0,0,0,0,0,0,0,0,0,0,0,0,0,0,0,0,0,0,0
PHILADELPHIA,2,2,0,2,0,0,1,2,3,0,0,0,0,2,0,2,0,2,0,2,0,0,0,0,2,0,0,0,0,2,0,2,0,0,0,0,2,2,3,0,2,0,0,0,0,0,0,0,0,2,0,3,0,0,2,3,0,0,2,0,2,1,0,3,0,2,0,0,5,0,0,0,0,0,0,0,0,0,0,0,0,0,0,4,0,2,0,0,2,0,0,0,0,2,0,0,0,0,2,0
PHOENIX,2,2,2,0,0,0,0,0,2,0,3,0,2,0,0,2,0,2,0,2,0,0,0,0,0,0,0,0,0,2,0,2,0,0,0,0,0,2,0,0,0,0,0,0,0,0,0,0,0,0,0,0,0,0,2,2,0,0,2,0,2,0,0,0,0,0,0,0,0,0,0,0,0,0,0,0,0,0,0,0,0,0,0,2,0,2,0,0,0,0,0,0,0,0,0,0,0,0,2,0
PITTSBURG,2,2,0,2,0,0,0,0,3,0,3,1,0,2,0,0,0,2,0,0,0,0,0,0,0,0,0,0,0,0,0,0,0,0,0,0,0,2,0,2,0,0,0,0,0,0,0,0,0,2,0,0,0,0,0,2,0,0,2,0,2,0,0,2,0,3,0,0,2,0,0,3,0,0,0,0,0,0,0,0,0,0,0,2,2,0,0,0,2,0,2,0,0,2,0,2,0,0,2,0
PLYMOUTH,0,0,0,0,0,0,0,0,2,0,0,0,0,0,0,0,0,2,0,0,0,0,0,0,0,0,0,0,0,0,0,0,0,0,0,0,0,0,0,0,0,0,0,0,2,0,0,0,0,0,0,0,0,0,2,0,0,0,0,0,0,1,0,0,0,0,0,0,0,0,0,0,0,0,0,0,0,0,0,0,0,0,0,0,0,0,0,2,0,0,0,0,0,0,0,0,0,0,0,0
PORT LOUIS,0,0,2,0,2,0,2,3,2,0,2,2,2,2,2,2,2,2,0,0,0,0,0,0,2,2,2,0,0,0,0,0,0,0,0,0,2,0,0,2,0,0,2,2,2,0,0,0,0,0,0,0,0,0,2,0,0,0,0,0,0,1,0,0,0,0,0,0,0,0,0,0,0,0,0,0,0,0,0,0,0,0,0,0,0,0,0,0,0,0,0,0,2,0,0,0,0,0,0,0
PORT MORESBY,0,0,0,3,1,0,0,0,2,0,0,0,2,0,0,2,0,2,0,0,0,0,0,0,0,0,0,0,0,0,0,0,0,0,0,0,0,0,0,0,0,0,0,0,0,0,0,0,0,0,0,0,0,0,0,0,0,0,0,0,0,0,0,0,0,0,0,0,0,0,0,0,0,0,0,0,0,0,0,0,0,0,0,0,0,0,0,0,0,0,0,0,2,0,0,0,0,0,0,0
PORT OF SPAIN,2,0,0,0,0,0,0,0,2,0,0,0,0,0,0,2,0,0,0,0,0,0,0,0,2,2,2,0,2,2,0,0,0,0,0,0,0,0,0,0,0,0,0,0,0,0,0,0,0,0,0,0,0,0,0,2,0,0,0,0,0,1,0,0,0,0,3,0,0,0,0,0,0,0,0,0,0,0,0,0,0,0,0,0,0,0,0,0,0,0,0,0,0,0,0,0,0,0,0,0
PORT-AU-PRINCE,0,0,0,0,0,0,0,0,2,0,0,0,0,0,0,0,0,0,0,0,0,0,0,0,0,0,0,0,0,0,0,0,0,0,0,0,0,0,0,0,0,0,0,0,0,0,0,0,0,0,0,0,0,0,0,2,0,0,0,0,0,1,0,0,0,0,0,0,0,0,0,0,0,0,0,0,0,0,0,0,0,0,0,0,0,0,0,0,0,0,0,0,0,0,0,0,0,0,0,0
PORTLAND,0,2,0,0,0,0,1,0,3,0,3,3,0,0,0,0,0,2,0,2,0,0,0,0,2,0,2,0,0,2,0,0,0,0,0,0,0,2,2,0,0,0,0,2,0,0,0,0,0,2,0,0,2,0,3,2,0,0,2,0,2,0,0,3,0,0,0,0,0,0,0,0,0,0,0,0,0,0,0,0,0,0,0,0,0,2,0,0,0,0,0,0,0,0,0,0,0,0,2,0
PORTO ALEGRE,2,2,0,0,2,0,0,2,2,0,0,0,2,0,0,0,0,2,0,0,0,0,0,0,0,0,2,0,2,0,0,0,0,0,0,0,0,0,0,0,0,0,0,0,0,0,0,0,0,0,0,0,0,0,2,2,0,0,2,0,0,1,0,2,0,0,0,0,0,0,0,0,0,0,0,0,0,0,0,0,0,0,0,0,0,0,0,0,0,0,0,0,0,0,0,0,0,0,0,0
PRAGUE,2,2,0,3,2,2,2,2,2,0,3,0,3,2,2,2,2,2,2,0,0,0,3,3,2,0,3,3,2,2,0,0,0,2,2,2,2,0,2,2,2,0,0,3,2,0,2,2,0,2,0,2,0,0,3,2,2,0,0,0,0,3,2,2,0,0,0,0,0,2,2,0,2,2,0,2,2,2,0,2,0,0,2,0,2,0,0,0,2,2,0,0,2,0,2,2,0,0,2,0
PRETORIA,0,0,0,0,0,0,0,0,2,0,2,2,0,2,0,2,0,2,0,0,0,0,0,0,0,0,0,0,0,0,0,0,0,0,0,0,0,0,0,0,0,0,0,0,0,0,0,0,0,0,0,0,0,0,0,0,0,0,0,0,0,0,0,0,0,0,0,0,0,0,0,0,0,0,0,0,0,0,0,0,0,0,0,0,0,0,0,0,0,0,0,0,0,2,0,0,0,0,2,0
PUSAN,2,2,0,0,0,0,0,0,2,0,0,0,0,0,0,0,0,0,0,0,0,0,0,0,0,0,0,0,0,0,0,0,0,0,0,0,0,0,0,0,0,0,0,0,0,0,0,0,0,0,0,0,2,0,0,2,0,0,0,0,0,1,0,0,0,0,0,0,0,0,0,0,0,0,0,0,0,0,0,0,0,0,0,0,0,0,0,0,0,0,0,0,0,0,0,0,0,0,0,0
PYONGYANG,0,0,0,0,0,0,0,0,0,0,0,0,0,0,0,0,0,0,0,0,0,0,0,0,0,0,0,0,0,0,0,0,0,0,0,0,0,0,0,0,0,0,0,0,0,0,0,0,0,0,0,0,0,0,0,0,0,0,0,0,0,0,0,0,0,0,0,0,0,0,0,0,0,0,0,0,0,0,0,0,0,0,0,0,0,0,0,0,0,0,0,0,0,0,0,0,0,0,0,0
QUEBEC,2,0,0,0,0,0,0,0,2,0,0,0,0,0,0,0,0,2,0,0,0,0,0,0,0,0,0,0,0,0,0,0,0,0,0,0,0,0,2,0,0,0,0,0,0,0,0,0,0,0,0,0,0,0,0,0,0,0,0,0,0,2,0,2,0,3,0,0,0,0,0,0,0,0,0,0,0,0,0,0,0,0,0,0,0,0,0,2,0,0,0,0,0,0,0,0,0,0,0,0
QUITO,0,2,2,2,2,4,0,2,2,0,0,2,0,2,0,2,0,2,0,0,0,0,2,0,2,0,2,2,2,3,0,0,0,0,2,0,0,0,0,2,0,0,0,2,0,0,0,0,0,0,0,0,0,0,0,2,0,0,0,0,0,1,0,0,0,0,0,0,0,0,0,0,0,0,0,0,0,0,0,0,0,0,0,0,0,0,0,0,0,2,0,0,2,0,0,0,0,0,0,0
RABAT,0,0,0,0,0,0,0,0,2,0,0,0,0,2,0,0,0,2,0,0,0,0,0,0,0,0,0,0,0,0,0,0,0,0,0,0,0,0,0,2,0,0,0,0,0,0,0,0,0,0,0,0,0,0,0,0,0,0,0,0,0,0,0,0,0,0,0,0,0,0,0,0,0,0,0,0,0,0,0,0,0,0,0,0,0,0,0,0,0,0,0,0,0,0,0,0,0,0,0,0
RAWALPINDI,0,0,0,0,0,0,0,2,0,0,0,0,0,0,0,0,0,0,0,0,0,0,0,0,0,0,0,0,0,0,0,0,0,0,0,0,0,0,0,0,0,0,0,0,0,0,0,0,0,0,0,0,0,0,0,2,0,0,0,0,0,0,0,0,0,0,0,0,0,0,0,0,0,0,0,0,0,0,0,0,0,0,0,0,0,0,0,0,0,0,0,0,0,0,0,0,0,0,0,0
RECIFE,0,0,0,0,0,0,0,2,0,0,0,0,2,2,0,2,0,2,0,0,0,0,0,0,0,0,0,0,0,0,0,0,0,0,0,0,0,0,0,0,0,0,0,0,0,0,0,0,0,0,0,0,0,0,0,0,0,0,2,0,0,1,0,0,0,0,0,0,0,0,0,0,0,0,0,0,0,0,0,0,0,0,0,0,0,0,0,0,0,0,0,0,0,0,0,0,0,0,0,0
REYKJAVIK,0,0,0,0,0,0,2,0,2,0,0,0,0,2,0,0,0,2,0,0,0,0,0,0,2,0,0,0,0,0,0,0,0,0,0,0,0,0,0,0,0,0,0,0,0,0,0,0,0,0,0,0,0,0,0,0,0,0,0,0,0,1,0,0,0,0,0,0,0,0,0,0,0,0,0,0,0,0,0,0,0,0,0,0,0,0,0,0,0,2,0,0,2,0,0,0,0,0,0,0
RICHMOND,0,2,0,0,0,0,0,0,3,0,3,1,2,0,0,0,0,2,0,0,0,0,0,0,0,0,0,0,0,0,0,0,0,0,0,0,0,2,0,0,0,0,0,0,0,0,0,0,0,0,0,0,0,0,0,2,0,0,0,0,2,0,2,0,0,3,0,0,0,0,0,0,0,0,0,0,0,0,0,0,0,0,0,0,0,2,0,0,0,0,0,0,0,0,0,0,0,0,2,0
RIGA,2,2,0,0,0,2,0,0,2,0,0,0,0,2,0,2,2,2,0,0,0,0,0,0,0,2,2,0,2,3,2,0,0,0,2,0,0,0,0,0,0,0,0,0,0,0,2,0,0,0,0,0,0,0,0,0,0,0,0,0,0,0,0,0,0,0,0,0,0,0,0,0,0,0,0,0,0,0,0,0,0,0,0,0,0,0,0,0,0,2,0,0,2,0,0,0,0,0,2,0
RIO DE JANEIRO,2,2,2,0,2,0,0,3,2,0,2,2,2,2,0,2,0,0,2,0,0,2,2,0,2,0,2,0,2,0,0,0,0,2,0,2,2,2,0,4,0,0,2,2,0,0,0,0,0,0,0,2,2,0,3,0,2,0,2,0,0,1,0,2,0,0,0,0,0,2,0,0,0,0,0,0,0,0,0,0,0,0,0,3,0,0,0,0,0,0,0,0,0,2,0,2,0,0,2,0
RIYADH,2,2,0,0,1,3,0,0,2,0,0,2,3,2,2,0,2,2,0,0,0,0,2,0,2,2,0,0,0,2,0,0,0,0,0,0,0,0,0,3,0,0,0,0,0,0,0,0,0,2,0,0,0,0,2,3,0,0,0,0,0,1,0,2,0,0,0,0,0,2,0,2,0,0,0,0,2,0,0,0,0,0,0,0,2,0,0,0,0,0,0,0,2,0,0,0,0,0,2,0
ROCHESTER,0,2,0,0,0,0,0,0,2,2,2,0,0,2,0,0,0,2,2,0,0,0,0,0,0,2,0,0,2,0,0,0,0,0,0,0,0,2,0,2,0,0,0,0,0,0,0,0,0,0,0,0,0,0,2,2,0,0,2,0,2,0,0,2,0,0,3,0,0,0,0,0,0,0,2,0,0,0,0,0,0,0,0,0,0,0,0,0,0,0,0,0,0,0,0,0,0,0,0,0
ROME,0,3,2,3,2,0,0,2,2,0,0,2,3,2,0,3,2,3,2,2,0,0,2,0,0,2,2,2,2,2,0,0,0,3,2,0,3,2,2,2,0,0,0,0,0,0,0,0,0,0,0,2,0,0,2,2,0,0,2,0,0,1,0,3,0,0,0,0,0,2,3,0,2,0,0,3,0,0,0,0,0,0,0,2,0,2,3,0,0,0,0,0,0,2,2,2,2,0,2,0
ROTTERDAM,2,2,0,0,4,0,0,2,2,0,2,4,3,2,0,2,0,2,0,0,0,0,0,0,0,0,0,0,0,0,0,0,0,0,0,0,2,0,2,2,0,2,0,2,0,0,2,0,0,2,0,0,0,0,0,0,2,2,0,0,4,1,2,0,0,2,2,0,0,0,0,0,0,0,0,3,0,0,0,0,0,0,0,2,2,2,0,2,2,0,0,0,2,0,0,0,0,2,0,0
RUWI,2,2,0,0,2,1,0,2,2,0,0,0,0,2,0,2,2,2,0,0,0,0,0,0,0,0,0,0,2,0,0,0,0,0,0,2,0,0,0,0,2,0,0,0,0,0,0,0,0,2,0,0,0,0,3,2,0,0,0,0,0,0,0,2,0,2,0,0,0,0,0,0,0,0,0,0,0,0,0,0,0,0,0,0,0,0,0,0,0,2,0,0,2,0,0,0,0,0,0,0
SACRAMENTO,2,2,0,0,0,0,0,0,2,0,0,0,0,0,0,0,0,2,0,0,0,0,0,0,0,0,0,0,0,2,0,0,0,0,0,0,0,2,2,0,0,0,0,0,0,0,0,0,0,0,2,0,0,0,0,0,0,0,2,0,2,0,0,0,0,0,0,0,0,0,0,0,0,0,0,0,0,0,2,0,0,0,0,0,0,0,0,0,0,0,0,0,0,2,0,0,0,0,2,0
SALVADOR,2,2,0,0,0,0,0,0,2,0,0,0,2,0,0,2,0,2,0,0,0,0,0,0,0,0,0,0,0,0,0,0,0,0,0,0,0,0,0,0,0,0,0,0,0,0,0,0,0,0,0,0,0,0,2,2,0,0,0,0,0,0,0,0,0,0,0,0,0,0,0,0,0,0,0,0,0,0,0,0,0,0,0,0,0,0,0,0,0,0,0,0,0,0,0,0,0,0,0,0
SAN DIEGO,2,2,2,0,2,0,0,0,3,0,3,0,0,2,0,2,0,2,0,2,2,0,0,0,0,0,0,0,2,2,0,0,0,0,0,0,2,3,2,0,0,0,0,0,0,0,0,0,2,0,0,0,0,0,0,2,0,0,2,0,2,0,0,0,4,0,0,3,0,2,0,0,0,0,0,0,0,0,2,0,0,0,0,2,0,2,0,2,0,0,0,0,0,2,0,0,0,0,2,0
SAN FRANCISCO,2,2,2,2,3,0,1,0,3,2,3,2,3,2,2,3,0,2,2,3,0,0,0,2,3,2,0,2,2,3,2,2,0,0,4,0,2,3,3,2,2,2,2,2,3,0,0,0,2,3,4,4,3,0,3,3,2,0,3,0,2,1,0,3,0,2,3,3,0,3,0,0,0,0,0,0,0,0,5,0,2,0,3,3,2,2,0,2,2,0,2,2,0,2,2,2,3,2,2,0
SAN JOSE (CA),2,2,0,2,2,0,2,0,3,0,0,0,0,0,0,0,0,2,0,2,0,0,0,0,0,0,0,0,0,2,2,0,0,0,0,0,0,2,2,0,0,0,0,0,0,0,0,0,2,0,2,0,0,0,0,2,0,0,0,0,2,0,0,0,0,0,0,0,0,0,0,0,0,0,0,0,0,0,0,0,0,0,2,0,0,2,0,0,0,0,0,0,0,0,2,0,0,0,0,0
SAN JOSE (CR),0,0,0,2,0,0,2,2,2,0,0,0,2,2,2,2,2,2,0,0,0,0,2,0,2,2,2,2,0,0,0,0,0,0,2,0,0,0,2,0,0,0,0,0,0,0,0,0,0,0,0,0,0,0,0,2,0,0,0,0,0,1,0,0,0,0,0,0,0,0,0,0,0,0,0,0,0,0,0,0,0,0,0,0,0,0,0,0,0,0,0,0,2,0,0,0,0,0,0,0
SAN SALVADOR,0,0,2,2,0,0,2,2,2,0,2,0,2,0,0,2,0,0,0,0,0,0,2,0,2,0,2,2,2,2,0,0,0,0,2,0,0,0,0,0,0,0,0,0,3,0,0,0,0,0,0,0,0,0,0,2,0,0,0,0,0,0,0,0,0,0,0,0,0,0,0,0,0,0,0,0,0,0,0,0,0,0,0,0,0,0,0,0,0,0,0,0,2,0,0,0,0,0,0,0
SANAA,0,2,0,0,1,0,0,0,0,0,0,0,0,0,0,2,2,0,0,0,0,0,0,2,0,0,0,0,0,0,0,0,0,0,0,0,0,0,0,0,0,0,0,0,0,0,0,0,0,2,0,0,0,0,0,0,0,0,0,0,0,0,0,0,0,0,0,0,0,0,0,0,0,0,0,0,0,0,0,0,0,0,0,0,0,0,0,0,0,0,0,0,0,0,0,0,0,0,0,0
SANTIAGO,2,0,0,0,3,2,2,2,2,0,2,2,2,2,2,2,0,2,2,2,0,0,3,2,2,0,2,2,0,2,0,0,0,2,3,0,3,2,2,0,0,2,0,3,2,0,0,0,0,0,0,2,2,0,2,3,2,0,2,0,0,1,2,0,0,2,0,0,0,0,0,0,0,0,0,0,0,0,0,0,0,0,0,0,0,0,2,0,2,2,0,0,2,2,0,2,0,0,0,0
SANTO DOMINGO,0,0,0,0,0,0,2,3,2,0,2,0,0,0,0,2,0,2,0,0,0,0,0,2,2,2,2,2,3,2,0,0,0,0,0,0,0,0,0,0,0,0,0,0,0,0,0,0,0,0,0,0,0,0,0,2,0,0,0,0,0,1,0,0,0,0,0,0,0,0,0,0,0,0,0,0,0,0,0,0,0,0,0,0,0,0,0,0,2,0,0,0,2,0,0,0,0,0,0,0
SAO PAULO,2,2,2,0,2,2,2,3,2,2,2,2,3,4,2,2,0,2,4,2,2,0,2,0,2,2,2,2,4,2,0,2,0,4,0,3,3,2,2,2,2,2,0,2,3,2,2,0,2,3,2,3,2,2,3,3,3,0,2,0,4,3,2,2,2,2,0,0,0,3,2,0,0,0,0,2,2,0,0,0,0,0,0,3,2,2,2,0,2,2,0,2,2,2,2,2,3,0,2,0
SARAJEVO,0,0,0,0,2,0,0,0,0,0,0,2,0,0,0,0,0,0,0,0,0,0,0,0,0,0,0,0,0,0,0,0,0,0,0,0,0,0,0,0,0,0,0,0,0,0,0,0,0,0,0,0,0,0,0,2,0,0,0,0,0,1,0,0,0,0,0,0,0,0,0,0,0,0,0,0,0,0,0,0,0,0,0,0,0,0,0,0,0,0,0,0,0,0,0,0,0,0,0,0
SEATTLE,0,2,3,0,0,0,1,0,3,0,2,4,2,2,0,0,0,2,0,0,0,0,0,0,2,0,2,0,2,3,0,0,0,0,0,0,2,2,2,2,0,0,0,0,0,0,0,0,0,3,0,0,2,0,3,3,0,0,2,0,2,1,0,3,0,3,0,0,0,0,0,0,0,0,4,0,0,0,0,0,0,2,0,2,0,2,0,2,0,0,0,0,0,0,0,0,0,0,2,0
SEOUL,3,2,0,0,2,2,2,2,2,0,2,2,2,2,2,0,0,0,0,0,3,1,2,2,2,2,2,2,2,2,2,0,3,2,2,3,2,2,2,2,2,0,0,2,3,2,2,2,2,3,2,2,2,3,2,3,2,0,2,0,0,1,2,0,0,0,0,0,0,0,0,0,0,0,0,0,1,0,0,0,0,0,0,1,0,2,0,0,2,3,0,2,2,2,2,2,3,0,2,0
SEVILLE,2,2,0,0,0,0,0,0,2,0,0,2,0,2,0,0,0,2,0,0,0,0,0,0,2,0,0,0,0,0,0,0,0,0,0,0,3,0,0,0,0,0,0,0,0,0,0,0,0,0,0,0,0,0,0,0,0,0,0,0,0,1,0,2,0,0,0,0,0,0,0,0,0,0,0,0,0,0,0,0,0,0,0,0,0,0,2,0,0,0,0,0,0,0,0,0,0,0,2,0
SHANGHAI,0,2,0,0,2,1,0,0,3,0,3,2,2,2,2,0,2,2,2,0,2,0,3,0,2,2,2,2,2,2,2,0,3,2,2,2,2,2,2,2,2,2,0,2,3,2,2,3,2,3,3,2,2,3,3,2,3,2,2,0,0,3,2,0,0,2,0,0,0,0,2,2,2,0,0,2,2,0,0,0,0,2,0,0,0,2,0,0,2,0,0,2,0,0,2,2,0,0,2,0
SHEFFIELD,0,0,0,0,0,0,0,0,2,0,0,2,0,0,0,2,0,2,0,0,0,0,0,0,0,0,0,0,0,0,0,0,0,0,0,0,0,0,0,0,0,0,0,0,2,0,0,0,0,0,0,0,0,0,2,0,0,0,0,0,0,1,0,0,0,0,0,0,0,0,0,0,0,0,0,0,0,0,0,0,0,0,0,0,0,0,0,0,0,0,0,0,0,0,0,0,0,0,0,0
SHENZEN,0,2,0,0,0,1,0,2,2,0,0,1,0,2,0,0,0,2,0,0,0,0,0,0,0,0,0,0,0,0,0,0,0,0,2,0,0,0,0,2,0,0,0,2,0,2,0,0,0,2,2,0,2,0,0,0,0,0,2,0,0,0,0,0,0,0,0,0,0,0,0,0,0,0,0,0,0,0,0,0,0,0,0,0,0,0,0,0,0,0,0,0,0,0,0,0,0,0,0,0
SINGAPORE,2,2,2,3,2,2,2,3,2,0,3,2,3,2,2,2,0,2,2,3,2,2,4,2,2,2,2,2,3,3,3,0,3,2,3,3,3,4,4,3,2,3,2,4,3,3,2,3,3,3,2,3,3,4,2,4,4,0,4,2,3,1,2,3,0,4,2,2,0,2,2,0,2,2,0,4,3,2,2,2,2,2,2,3,0,2,3,4,2,3,0,2,2,2,2,2,3,0,2,4
SOFIA,0,2,0,0,1,2,2,0,2,0,0,0,0,2,0,0,2,2,0,0,0,0,2,2,2,2,2,2,2,2,0,0,0,0,2,0,0,0,2,0,0,0,0,2,0,0,2,0,0,2,0,0,0,0,0,0,2,0,0,0,0,1,0,0,0,0,0,0,0,0,0,0,0,0,0,0,0,0,0,0,0,0,0,0,0,0,0,0,0,2,0,0,2,0,0,0,0,0,0,0
SOUTHAMPTON,2,0,0,0,0,0,0,2,2,0,0,3,0,0,0,0,0,2,0,0,0,0,0,0,0,0,0,0,0,0,0,0,0,0,0,0,0,0,0,0,0,0,0,0,2,0,0,0,0,0,0,0,0,0,2,0,0,3,0,0,0,1,0,2,0,0,0,0,0,0,0,0,0,0,0,0,0,0,0,0,0,0,0,0,0,0,0,0,0,0,0,0,0,0,0,0,0,0,0,0
ST LOUIS,2,2,2,3,2,0,1,0,3,3,3,3,0,2,0,0,0,2,0,2,0,0,0,0,2,0,0,0,0,2,0,0,0,0,0,0,2,2,0,2,0,0,0,2,0,0,0,0,0,0,0,0,0,0,0,3,0,0,2,0,2,0,0,2,0,0,0,0,0,0,0,0,0,0,0,0,0,0,0,0,0,0,0,3,0,2,0,0,2,0,0,0,0,2,0,0,0,0,2,0
ST PETERSBURG,2,2,2,0,1,0,0,0,2,0,0,2,0,0,0,2,2,2,0,0,0,0,0,2,0,0,0,0,0,0,0,0,0,2,3,0,2,0,2,2,0,0,0,0,0,0,0,0,0,2,0,0,0,0,0,0,2,0,0,0,0,1,0,0,0,0,0,0,0,2,0,0,0,0,0,2,0,1,0,0,0,0,2,0,0,0,0,0,0,0,0,0,0,0,0,0,0,0,0,2
STOCKHOLM,2,2,2,2,2,2,2,3,3,2,2,3,0,2,2,2,2,3,2,0,0,2,3,2,2,0,2,3,3,0,2,0,0,0,2,0,2,0,0,2,0,0,3,0,0,0,0,0,0,2,0,0,0,0,3,2,2,5,2,0,3,1,0,0,0,3,0,0,0,2,0,0,0,0,0,3,2,0,0,0,0,0,2,2,2,2,4,2,2,3,0,2,2,2,2,4,3,2,2,2
STRASBOURG,0,3,0,0,0,0,0,0,2,0,3,0,2,2,0,2,0,0,0,2,0,0,0,0,0,0,0,0,0,0,0,0,0,0,2,0,2,0,2,2,0,0,0,0,0,0,0,0,0,0,0,0,0,0,0,0,3,0,2,0,0,1,2,2,0,0,0,0,0,0,0,0,0,0,0,0,0,0,0,0,0,0,0,0,0,0,2,0,0,0,0,0,0,0,0,0,0,0,0,0
STUTTGART,2,2,0,2,3,0,0,2,3,0,2,2,2,2,0,0,2,3,0,0,0,2,0,0,0,0,0,2,0,0,0,0,0,0,2,2,3,0,0,2,0,0,0,0,2,0,2,2,0,0,0,0,0,0,2,2,2,0,0,0,0,3,0,0,0,0,0,0,0,0,0,0,0,0,0,0,0,2,0,0,0,0,0,0,0,0,0,0,0,0,0,2,0,0,2,2,0,0,0,0
SUVA,0,2,0,0,1,2,0,2,2,0,0,0,0,2,0,2,0,0,0,0,0,0,0,0,0,0,0,0,0,0,0,0,0,0,0,0,0,0,0,0,0,0,0,0,0,0,0,0,0,0,0,0,0,0,0,0,0,0,0,0,0,1,0,0,0,0,0,0,0,0,0,0,0,0,0,0,0,0,0,0,0,0,0,0,0,0,0,0,0,0,0,0,0,0,0,0,0,0,0,0
SYDNEY,2,2,2,3,2,3,0,2,2,2,3,2,3,2,2,3,2,2,2,4,0,2,3,0,3,2,3,3,3,4,3,2,0,4,3,2,2,4,0,2,0,3,3,4,3,3,0,0,0,3,2,3,2,4,3,2,2,0,2,0,0,3,2,2,0,3,2,0,0,4,0,2,0,0,0,0,0,0,0,0,2,0,4,3,2,2,0,4,2,3,0,2,2,2,2,2,3,2,2,0
TAIPEI,0,0,0,3,1,2,2,4,3,0,2,3,2,2,2,2,0,2,2,0,3,1,3,2,2,2,2,2,2,3,2,0,4,2,4,2,2,2,3,0,2,2,2,3,2,2,0,0,2,3,3,2,2,3,3,3,2,0,2,2,0,2,2,3,0,2,0,0,0,3,0,2,0,0,0,0,1,0,0,0,0,0,0,0,0,2,2,0,0,3,0,0,2,0,0,2,0,0,2,0
TALLIN,0,2,2,0,1,2,0,0,2,0,0,0,0,0,0,2,2,2,0,0,0,0,0,0,0,2,2,2,2,2,0,0,0,0,0,0,0,0,0,0,0,0,0,0,0,0,0,0,0,0,0,0,0,0,0,0,0,0,0,0,0,1,0,0,0,0,0,0,0,0,0,0,0,0,0,0,0,0,0,0,0,0,0,0,0,0,0,0,0,2,0,0,2,0,0,0,0,0,0,0
TAMPA,2,2,0,2,0,0,1,0,2,0,3,2,2,0,0,0,0,2,0,0,0,0,0,0,0,0,0,0,0,0,0,0,0,0,0,0,0,2,0,0,0,0,0,0,0,0,0,0,0,0,0,0,0,0,0,2,0,0,2,0,2,1,0,0,0,2,0,0,0,0,0,0,0,0,0,0,0,0,0,0,0,0,0,2,0,0,0,0,2,0,0,0,0,2,0,0,0,0,2,0
TASHKENT,0,2,0,0,0,0,0,0,2,0,0,0,0,0,0,0,0,2,0,0,0,0,0,0,0,0,0,0,2,0,0,0,0,0,0,2,2,2,0,0,0,0,0,0,0,0,0,0,2,2,0,0,0,0,0,0,0,0,0,0,0,1,0,0,0,0,0,0,0,0,0,0,0,0,0,0,0,2,0,0,0,0,0,0,0,0,0,0,0,0,0,0,0,0,0,0,0,0,0,0
TBILISI,2,0,0,0,0,0,0,0,0,0,0,0,0,0,0,0,0,0,0,0,0,0,0,0,0,0,0,0,2,0,0,0,0,0,0,0,2,0,0,0,0,0,0,0,0,0,0,0,0,0,0,0,0,0,0,0,0,0,0,0,0,0,0,0,0,0,0,0,0,0,0,0,0,0,0,0,0,0,0,0,0,0,0,0,0,0,0,0,0,1,0,0,0,0,0,0,0,0,0,0
TEGUCIGALPA,0,0,0,0,2,0,0,2,2,0,0,0,2,0,0,2,0,2,0,0,0,0,0,0,0,2,0,2,2,2,0,0,0,0,0,0,0,0,0,0,0,0,0,0,0,0,0,0,0,0,0,0,0,0,0,2,0,0,0,0,0,0,0,0,0,0,0,0,0,0,0,0,0,0,0,0,0,0,0,0,0,0,0,0,0,0,0,0,0,0,0,0,2,0,0,0,0,0,0,0
TEHRAN,0,0,0,0,0,0,0,0,2,0,0,2,0,0,0,0,0,2,0,0,0,0,0,0,0,0,0,0,2,0,0,0,0,0,2,2,2,0,0,0,0,0,0,0,0,2,2,0,0,3,0,0,2,0,2,0,0,0,0,0,0,1,0,0,0,0,0,0,0,0,0,0,0,0,0,0,0,0,0,0,0,0,0,0,0,0,0,0,0,0,0,0,0,0,0,0,0,0,0,0
TEL AVIV,0,2,0,0,2,2,2,0,3,0,0,2,0,2,3,2,3,2,2,0,0,0,2,2,2,2,2,0,3,2,0,0,0,0,0,0,0,0,2,0,0,0,0,3,0,0,0,0,0,2,0,0,0,0,0,2,0,0,0,0,0,0,0,0,0,0,0,0,0,0,0,0,0,0,0,0,0,0,0,0,0,0,0,0,0,0,0,0,0,3,0,0,2,0,0,0,0,0,0,0
THE HAGUE,2,0,0,0,0,0,0,0,2,0,2,2,0,2,0,0,0,2,0,0,0,0,0,0,0,0,0,2,0,0,0,0,0,0,0,0,0,0,0,2,0,2,0,0,0,0,2,0,0,0,0,0,0,0,0,0,0,0,0,0,0,0,0,0,0,0,0,0,0,0,0,0,0,0,0,3,0,0,0,0,0,0,0,0,0,0,0,0,0,0,0,0,0,0,0,0,0,0,0,0
TIANJIN,0,0,0,0,2,0,0,0,0,0,0,0,0,0,0,0,0,0,0,0,0,0,0,0,0,0,0,0,0,0,0,0,0,0,0,0,0,2,2,2,0,0,0,0,0,2,0,0,2,2,2,0,0,0,2,0,0,0,0,0,0,2,0,0,0,0,0,0,0,0,0,0,0,0,0,0,0,0,0,0,0,0,0,0,0,0,0,0,0,0,0,0,0,0,0,0,0,0,0,0
TIJUANA,0,2,0,0,0,0,0,0,2,0,2,2,2,2,0,0,0,2,0,0,0,0,0,0,0,0,0,0,0,0,0,0,0,0,0,0,0,0,0,0,0,0,0,0,0,0,0,0,0,0,0,0,0,0,0,0,0,0,0,0,0,0,0,0,0,0,0,0,0,2,0,0,0,0,0,0,0,0,0,0,0,0,0,0,0,0,0,0,0,0,0,0,0,0,0,0,0,0,0,0
TIRANA,2,0,0,0,0,0,0,0,2,0,0,0,0,0,0,0,0,0,0,0,0,0,0,0,0,0,0,2,0,0,0,0,0,0,0,0,0,0,0,0,0,0,0,0,0,0,0,0,0,0,0,0,0,0,0,0,0,0,0,0,0,1,0,0,0,0,0,0,0,0,0,0,0,0,0,0,0,0,0,0,0,0,0,0,0,0,0,0,0,0,0,0,2,0,0,0,0,0,0,0
TOKYO,2,2,2,3,2,2,3,2,3,0,4,3,2,2,2,2,2,4,2,2,5,1,5,2,2,2,2,2,2,3,0,0,5,4,3,4,3,4,3,2,2,3,3,3,4,5,2,3,5,5,5,4,5,5,3,4,2,2,2,2,0,3,2,3,2,2,3,2,3,2,2,2,2,2,1,2,2,0,2,2,2,2,2,3,2,2,0,0,2,3,2,2,2,2,2,2,2,0,2,2
TORONTO,3,3,2,2,2,3,3,3,3,3,2,4,3,2,2,3,0,3,2,3,0,2,2,2,2,2,3,3,4,4,2,3,0,3,2,0,2,2,2,2,2,2,2,0,2,2,0,2,0,3,2,2,2,2,3,2,2,0,4,0,3,3,0,3,3,0,3,0,0,0,0,0,0,0,0,0,0,2,0,0,2,0,0,4,2,2,2,3,3,3,0,2,3,0,2,2,3,3,2,0
TRIESTE,0,0,0,0,0,0,0,0,2,0,0,0,0,0,0,0,0,0,0,0,0,0,0,0,0,0,0,0,0,0,0,0,0,0,0,0,2,0,0,0,0,0,0,0,0,0,0,0,0,0,0,0,0,0,0,0,2,0,0,0,0,1,0,0,0,0,0,0,0,0,0,0,0,0,0,0,0,0,0,0,0,0,0,0,0,0,0,0,0,0,0,0,0,0,0,0,0,0,0,0
TRIPOLI,0,0,0,0,1,0,0,0,0,0,0,0,0,0,0,0,2,2,0,0,0,0,0,0,0,0,0,0,0,0,0,0,0,0,0,0,0,0,0,0,0,0,0,0,0,0,0,0,0,0,0,0,0,0,0,0,0,0,0,0,0,1,0,0,0,0,0,0,0,0,0,0,0,0,0,0,0,0,0,0,0,0,0,0,0,0,0,0,0,0,0,0,0,0,0,0,0,0,0,0
TUNIS,0,0,0,0,2,2,2,2,2,0,0,2,2,0,2,2,2,2,0,0,0,0,0,2,0,2,2,0,2,0,0,0,0,0,0,0,0,0,2,0,0,0,0,0,0,0,0,0,0,0,0,0,0,0,0,0,2,0,0,0,0,1,0,0,0,0,0,0,0,0,0,0,0,0,0,0,0,0,0,0,0,0,0,0,0,0,0,0,0,2,0,0,2,0,0,0,0,0,0,0
TURIN,0,3,0,2,0,0,0,0,2,0,0,0,0,0,2,0,0,2,0,0,0,0,0,2,0,0,0,0,0,0,0,2,0,0,0,0,3,0,2,0,0,0,0,0,0,0,0,0,0,2,0,0,0,0,0,0,2,0,0,0,0,1,0,2,0,0,0,0,0,0,0,0,0,0,0,0,0,0,0,0,0,0,0,0,0,0,2,0,0,0,0,0,0,0,0,0,0,0,2,0
ULAN BATOR,0,2,0,0,0,0,0,0,0,0,0,0,0,0,0,0,0,0,0,0,0,0,0,0,0,0,0,0,0,0,0,0,0,0,0,0,0,0,0,0,0,0,0,0,0,0,0,0,0,2,0,0,0,0,0,0,0,0,0,0,0,0,0,0,0,0,0,0,0,0,0,0,0,0,0,0,0,0,0,0,0,0,0,0,0,0,0,0,0,0,0,0,0,0,0,0,0,0,0,0
UTRECHT,2,0,0,0,0,0,0,0,2,0,0,2,0,0,0,0,2,3,0,0,0,0,0,0,0,0,0,0,0,0,0,0,0,0,0,0,0,0,0,2,0,5,0,2,0,0,2,0,0,0,0,0,0,0,0,0,0,0,0,0,0,0,3,0,0,0,0,0,0,0,0,0,0,0,0,0,0,2,0,0,0,0,0,0,0,0,0,3,2,0,0,0,0,0,0,0,0,0,0,2
VALENCIA,2,2,0,0,0,0,0,0,2,0,3,2,3,2,0,0,0,2,0,0,0,0,0,0,0,0,0,0,2,0,0,0,0,0,0,0,2,2,0,0,0,0,0,0,0,0,0,0,0,0,0,0,0,0,2,2,0,0,0,0,0,0,0,2,0,0,0,0,0,2,0,0,0,0,0,0,0,0,0,0,0,0,0,0,0,0,0,0,0,0,0,0,0,0,0,0,0,0,2,0
VANCOUVER,2,2,2,3,0,0,2,2,3,2,2,2,3,2,2,3,0,2,0,2,0,0,2,0,0,0,0,2,3,2,0,0,0,0,0,0,0,0,2,2,0,0,0,0,2,0,0,0,0,2,2,0,2,0,2,0,0,0,2,0,3,1,0,2,3,0,3,0,0,0,0,0,0,0,2,0,0,0,0,0,0,0,0,2,0,2,0,0,2,0,0,0,0,0,0,0,0,0,2,0
VENICE,0,0,2,0,0,0,0,0,0,0,0,0,0,0,0,0,0,0,0,0,0,0,0,0,0,0,0,0,0,0,0,0,0,0,0,0,2,0,0,0,0,0,0,0,0,0,0,0,0,0,0,0,0,0,0,0,0,0,0,0,0,1,0,2,0,0,0,0,0,0,0,0,0,0,0,0,0,0,0,0,0,0,0,0,0,0,0,0,0,0,0,0,0,0,0,0,2,0,0,0
VIENNA,3,2,2,2,3,2,2,3,3,2,2,2,3,2,3,2,2,2,2,2,0,0,2,2,2,2,2,3,2,2,2,0,0,0,0,0,2,0,2,2,2,0,0,2,0,0,2,3,0,2,0,0,2,0,0,0,3,2,0,0,0,3,2,0,0,0,0,0,0,0,0,0,3,0,0,0,0,2,0,2,0,0,0,0,0,0,0,2,2,3,0,2,2,2,2,2,0,0,2,2
VILNIUS,0,2,0,0,0,0,0,0,2,0,0,2,0,2,0,2,0,2,0,0,0,0,0,0,0,2,2,2,2,2,0,0,0,0,0,0,0,0,0,0,0,0,0,0,0,0,2,0,0,0,0,0,0,0,0,0,0,0,0,0,0,0,0,0,0,0,0,0,0,0,0,0,0,0,0,0,0,0,0,0,0,0,0,0,0,0,0,0,0,2,0,0,2,0,0,0,0,0,0,0
WARSAW,2,2,0,0,1,2,2,0,2,0,4,2,2,2,2,0,2,2,2,0,0,0,2,2,2,2,2,3,3,2,2,0,0,3,3,3,2,2,4,3,2,2,0,0,2,0,3,2,0,2,0,2,0,0,3,2,2,2,0,0,0,3,2,0,0,0,0,0,0,2,2,0,0,2,0,0,2,4,0,2,0,0,0,0,0,0,0,0,0,0,0,2,2,2,2,2,0,0,0,2
WASHINGTON,0,3,2,0,2,0,1,0,3,2,3,4,3,4,0,3,0,3,0,3,0,2,0,0,0,0,2,0,2,2,0,0,0,0,0,0,2,2,0,1,2,2,2,2,0,0,0,0,0,2,0,3,2,0,0,3,0,0,4,0,2,0,0,0,0,0,0,4,4,2,3,4,0,0,3,2,4,2,3,2,4,4,3,3,0,5,0,4,3,0,3,2,2,5,2,2,0,4,2,0
WELLINGTON,2,2,0,0,1,2,0,2,3,0,0,0,0,2,0,2,0,2,0,2,0,0,0,0,0,2,2,3,2,0,0,0,0,0,0,0,0,0,0,2,2,2,0,0,2,0,0,0,0,0,0,0,0,0,2,2,0,0,0,0,0,1,0,2,0,2,2,0,0,0,0,0,0,0,0,0,0,0,0,0,0,0,0,0,0,2,0,0,2,2,0,0,2,0,2,0,0,0,2,0
WILMINGTON,0,0,0,2,0,0,0,0,2,0,2,0,0,0,0,0,0,0,0,0,0,0,0,0,0,0,0,0,0,0,0,0,0,0,0,0,0,2,0,0,0,0,0,2,0,0,0,0,0,0,0,0,0,0,0,0,0,0,0,0,2,1,0,0,0,0,0,0,0,0,0,0,0,0,0,0,0,0,0,0,2,0,0,0,0,0,0,0,0,0,0,0,0,0,0,0,0,0,0,0
WINDHOEK,0,0,0,0,0,1,2,0,2,0,0,0,0,0,0,2,0,2,0,0,0,0,0,0,2,2,2,0,2,0,0,0,0,0,3,0,0,0,0,2,0,0,0,0,0,0,0,0,0,0,0,0,0,0,2,0,2,0,0,0,0,1,0,0,0,0,2,0,0,0,0,0,0,0,0,0,0,0,0,0,0,0,0,0,0,0,0,0,0,2,0,0,2,0,0,0,0,0,0,0
WINNIPEG,2,2,0,0,0,0,0,0,2,0,2,2,0,0,0,2,0,2,0,0,0,0,0,0,0,0,0,0,0,0,0,0,0,0,0,0,0,0,0,0,0,0,0,0,2,0,0,0,0,0,0,0,0,0,2,0,0,0,0,0,0,1,0,2,2,2,0,0,0,0,0,0,0,0,0,0,0,0,0,0,0,0,0,0,0,0,0,0,0,0,0,0,0,0,0,0,0,0,0,0
XIAMEN,0,0,0,0,0,0,0,0,0,0,0,0,0,0,0,0,0,0,0,0,0,0,0,0,0,0,0,0,0,0,0,0,0,0,0,0,0,0,0,0,0,0,0,2,0,2,0,0,0,2,0,0,0,2,2,0,0,0,0,0,0,0,0,0,0,0,0,0,0,0,0,0,0,0,0,0,0,0,0,0,0,0,0,0,0,0,0,0,0,0,0,0,0,0,0,0,0,0,0,0
YANGON,0,0,0,0,0,0,0,0,0,0,0,0,0,0,0,0,0,2,0,0,0,0,0,0,2,0,0,0,2,0,0,0,0,0,0,0,0,0,0,2,0,0,0,0,0,2,0,0,0,3,2,2,0,2,0,0,0,0,0,0,0,1,0,0,0,0,0,0,0,0,0,0,0,0,0,0,0,0,0,0,0,0,0,0,0,0,0,0,0,0,0,0,0,0,0,0,0,0,0,0
YAONDE,0,0,0,0,0,0,0,0,0,0,0,0,0,0,0,0,2,2,0,0,0,0,0,0,0,0,0,0,0,0,0,0,0,0,0,0,0,0,0,0,0,0,0,0,0,0,0,0,0,0,0,0,0,0,0,0,0,0,0,0,0,0,0,0,0,0,0,0,0,0,0,0,0,0,0,0,0,0,0,0,0,0,0,0,0,0,0,0,0,0,0,0,0,0,0,0,0,0,0,0
YEREVAN,0,0,0,0,0,0,0,0,2,0,0,0,0,0,0,0,0,0,0,0,0,0,0,0,0,0,0,0,0,0,0,0,0,0,0,0,0,0,0,0,0,0,0,0,0,0,0,0,0,0,0,0,0,0,3,0,0,0,0,0,0,0,0,0,0,0,0,0,0,0,0,0,0,0,0,0,0,0,0,0,0,0,0,0,0,0,0,0,0,0,0,0,0,0,0,0,0,0,0,0
YOKOHAMA,0,0,0,0,0,0,0,0,2,0,2,2,0,0,0,0,0,2,0,0,0,0,0,0,0,0,0,0,0,0,0,0,0,0,0,0,0,0,0,0,0,0,0,0,0,2,0,2,0,2,2,0,0,0,0,2,0,0,0,0,0,1,0,0,0,0,2,0,0,0,0,0,0,0,0,0,0,0,0,0,0,0,0,0,0,0,0,0,0,0,0,0,0,0,0,0,0,0,0,0
ZAGREB,3,2,0,0,2,0,2,2,2,0,0,0,2,0,0,2,0,2,0,0,0,0,0,0,0,2,2,2,2,2,0,0,0,0,2,2,2,0,2,0,0,0,0,0,0,0,0,0,0,0,0,0,0,0,0,0,2,0,0,0,0,1,0,0,0,0,0,0,0,0,0,0,0,0,0,0,0,0,0,0,0,0,0,0,0,0,0,0,0,2,0,0,0,0,0,0,0,0,0,0
ZURICH,2,2,0,2,2,3,0,3,2,3,2,2,3,2,0,2,2,2,3,0,0,2,3,2,2,0,2,2,2,2,4,0,0,2,0,2,2,0,2,2,5,0,5,2,2,2,2,2,2,0,2,2,2,2,2,2,3,2,2,0,3,5,2,2,0,0,2,0,0,2,0,0,0,0,0,0,0,2,0,0,0,0,0,2,0,2,0,0,2,3,2,2,2,2,2,4,3,0,2,2
