"name","LONGITUDE","LATITUDE","Ernst...Young","Arthur.Andersen","MSI","IGAF","AGN","BDO","Grant.Thornton","Horwath","KPMG","Summit...Baker","RSM","Moores.Rowland","HLB","Moore.Stephens","Nexia","PKF","Fiducial","PWC","Impiric","TMP","Hakuhodo","Draft.Worldwide","Densu.Y...R","D.Arcy","FCB","Saatchi...Saatchi","O.M","BBDO","McCann.Erickson","J.Walter.Thompson","Euro.RSCG","CMG","Asatsu.DK","West.LB","Dresdner","Commerzbank","Deutsche","Chase","BNP.Paribas","ABN.Amro","CSFB","Rabobank","UBS","ING","Barclays","Fuji","BHV","BLG","Sakura","Sumitomo","Sanwa","JP.Morgan","BTM","DKB","HSBC","Citibank","Allianz","Skandia","Chubb","Prudential","Reliance","Winterthur","Fortis","CGNU","Liberty","Royal...Sun","Lloyds","Latham...Watkins","Morgan.Lewis","Baker...McKenzie","Clifford.Chance","Jones.Day","FBD","Allen...Overy","Dorsey...Whitney","Linklaters","White...Case","Cameron.McKenna","Morrison...Foerster","Lovells","Skadden","Sidley...Austin","Coudert","Towers.Perrin","Logica","Watson.Wyatt","Sema","CSC","Hewitt","IBM","Mercer","Boston","Deloitte","BoozeA.M","A.T..Kearney","McKinsey","Bain","Compass","Andersen.Consulting","Gemini"
"ABERDEEN",-2.07998702128,57.1703979687,2,0,0,0,0,0,0,2,2,0,0,2,2,0,0,0,0,2,0,0,0,0,0,0,0,0,0,0,0,0,0,0,0,0,0,0,0,0,0,0,0,0,0,0,2,0,0,0,0,0,0,0,0,0,2,0,0,0,0,0,0,1,0,0,0,0,0,0,0,0,0,0,0,0,0,0,0,2,0,0,0,0,0,0,2,0,2,0,0,0,0,0,0,0,0,0,0,0,0,0
"ABIJAN",-4.033333,5.316667,3,0,0,0,0,0,0,0,2,0,0,0,2,0,0,2,0,2,0,0,0,0,2,0,2,2,0,0,2,0,0,0,0,0,2,0,0,0,4,0,0,0,0,0,0,0,0,0,0,2,0,0,0,0,2,2,0,0,0,0,0,1,2,0,0,0,0,0,0,0,0,0,0,0,0,0,0,0,0,0,0,0,0,0,0,0,0,0,0,2,0,0,2,0,0,0,0,0,0,0
"ABU DHABI",54.3665933826,24.4666835724,2,2,0,0,2,0,0,2,2,0,2,0,2,0,0,2,2,2,0,0,0,0,2,0,0,0,0,0,0,0,0,0,0,0,0,0,2,0,2,0,0,0,0,0,3,0,0,0,0,2,0,0,2,0,0,2,0,0,0,0,0,0,0,2,0,2,0,0,0,0,0,0,0,0,0,0,0,0,0,0,0,0,0,0,0,0,0,0,0,0,0,0,2,2,0,0,0,0,2,0
"ACCRA",-0.21671574035,5.55003460583,0,0,0,0,0,0,2,0,2,0,0,2,2,0,0,2,0,2,0,0,0,0,0,0,2,2,2,0,2,2,0,0,0,0,0,0,0,0,0,0,0,0,0,0,2,0,0,0,0,0,0,0,0,0,2,2,0,0,0,0,0,1,0,0,0,0,0,0,0,0,0,0,0,0,0,0,0,0,0,0,0,0,0,0,0,0,0,0,0,2,0,0,2,0,0,0,0,0,0,0
"ADDIS ABABA",38.700004434,9.03331036268,0,0,0,0,0,0,0,0,0,0,0,0,2,0,0,0,0,2,0,0,0,0,0,0,0,0,2,0,2,0,0,0,0,0,0,0,0,0,0,0,0,0,0,0,0,0,0,0,0,2,0,0,0,0,0,0,0,0,0,0,0,1,0,0,0,0,0,0,0,0,0,0,0,0,0,0,0,0,0,0,0,0,0,0,0,0,0,0,0,2,0,0,0,0,0,0,0,0,0,0
"ADELAIDE",138.600004841,-34.9349877739,2,2,2,3,2,0,0,2,2,0,3,2,2,2,2,2,0,2,2,2,0,0,2,0,0,0,0,2,0,0,0,0,0,0,0,0,0,0,0,0,0,0,0,0,2,0,0,0,0,0,0,0,0,0,2,2,0,0,0,0,0,1,2,2,0,3,0,0,0,0,0,0,0,0,0,0,0,0,0,0,0,0,0,0,0,0,0,0,0,0,0,0,0,0,0,0,0,0,0,0
"AHMADABAD",72.58,23.03,0,0,2,0,0,0,0,0,0,0,2,2,2,0,0,0,2,0,0,0,0,0,0,0,0,0,2,0,0,0,0,0,0,0,0,0,0,0,2,0,0,0,0,0,0,0,0,0,0,0,0,0,0,0,2,0,0,0,0,0,0,0,0,0,0,0,0,0,0,0,0,0,0,0,0,0,0,0,0,0,0,0,0,0,0,0,0,0,0,0,0,0,0,0,0,0,0,0,0,0
"ALEXANDRIA",29.949995889,31.2000193471,0,2,0,0,0,0,0,0,2,0,0,0,0,0,0,0,2,2,0,0,0,0,0,0,0,0,0,0,0,0,0,0,0,0,0,0,0,0,0,0,0,0,0,0,0,0,0,0,0,0,0,0,0,0,0,0,0,0,0,0,0,1,0,0,0,0,0,0,0,0,0,0,0,0,0,0,0,0,0,0,0,0,0,0,0,0,0,0,0,0,0,0,0,0,0,0,0,0,0,0
"ALGIERS",3.05055252952,36.763064798,0,0,0,0,0,0,0,0,0,0,0,0,0,0,0,0,2,0,0,0,0,0,0,0,0,0,0,0,0,0,0,0,0,0,0,0,0,0,2,0,0,0,0,0,0,0,0,0,0,2,0,0,0,0,0,2,0,0,0,0,0,1,0,0,0,0,0,0,0,0,0,0,0,0,0,0,0,0,0,0,0,0,0,0,0,0,0,0,0,2,0,0,0,0,0,0,0,0,0,0
"ALMATY",76.9150361724,43.3249898469,2,2,0,0,0,2,0,0,2,0,0,0,0,0,0,0,0,2,0,0,0,0,0,0,0,0,2,0,2,0,0,0,0,0,2,2,2,0,0,2,0,0,0,2,0,0,0,0,0,2,0,0,0,0,2,2,0,0,0,0,0,1,0,0,0,0,0,0,0,2,0,0,0,0,0,0,2,2,0,0,0,0,2,0,0,0,0,0,0,0,0,0,2,0,0,0,0,0,0,0
"AMMAN",35.9332999255,31.9500252472,2,0,0,2,0,3,0,2,2,0,0,2,0,0,2,3,2,2,0,0,0,0,0,0,2,2,0,0,2,2,0,0,0,0,0,0,0,0,0,0,0,0,0,0,0,0,0,0,0,2,0,0,0,0,2,2,0,0,0,0,0,1,0,0,0,0,0,0,0,0,0,0,0,0,0,0,0,0,0,0,0,0,0,0,0,0,0,0,0,3,0,0,2,0,0,0,0,0,0,0
"AMSTERDAM",4.91664017601,52.3499686881,2,2,0,0,2,2,2,5,5,0,2,3,3,3,2,2,2,3,3,2,2,2,3,3,2,2,3,3,3,3,2,2,2,2,0,2,2,2,2,5,2,2,0,5,3,2,2,0,0,0,2,0,2,2,3,2,3,0,0,0,3,3,4,0,0,2,0,0,0,4,3,0,3,4,0,3,0,2,0,0,0,0,0,3,2,2,2,0,2,3,0,2,0,2,2,4,1,0,2,0
"ANKARA",32.864391641,39.9272385855,0,2,0,0,0,0,0,0,0,0,0,2,0,0,0,0,0,2,0,0,0,0,0,0,0,0,0,0,0,0,0,0,0,0,0,0,0,0,0,0,0,0,0,0,0,0,0,0,0,2,0,0,0,0,0,0,0,0,0,0,0,0,0,0,0,0,0,0,0,0,0,0,0,0,0,0,2,0,0,0,0,0,0,0,0,0,0,0,0,0,0,0,0,0,0,0,0,0,0,0
"ANTWERP",4.41501704776,51.2203735546,2,2,0,0,2,0,2,0,2,0,0,3,2,0,0,3,3,2,0,2,0,0,0,0,0,0,0,2,2,0,0,0,0,0,0,2,3,0,0,2,0,3,0,2,0,0,0,0,0,0,0,0,0,0,0,2,2,0,2,0,0,1,2,0,0,0,0,0,0,0,0,0,0,0,0,2,0,0,0,0,0,0,2,0,2,0,0,0,0,0,0,0,0,0,0,2,0,0,0,0
"ARHUS",10.216667,56.15,2,2,0,0,0,0,0,0,2,0,0,0,0,2,0,0,0,2,0,0,0,0,0,0,0,0,2,0,0,0,0,0,0,0,0,0,0,0,0,0,0,0,0,0,0,0,0,0,0,0,0,0,0,0,0,0,0,0,0,0,0,0,0,0,0,0,0,0,0,0,0,0,0,0,0,0,0,0,0,0,0,0,0,0,0,0,0,0,0,0,0,0,0,0,0,0,0,0,0,0
"ASUNCION",-57.633333,-25.3,0,0,0,2,2,2,0,2,2,0,2,2,0,0,2,0,0,2,0,0,0,0,0,2,0,0,0,2,2,2,0,0,0,0,2,0,0,0,0,2,0,0,0,2,0,0,0,0,0,0,0,0,0,0,0,2,0,0,0,0,0,1,0,0,0,0,0,0,0,0,0,0,0,0,0,0,0,0,0,0,0,0,0,0,0,0,0,0,0,2,0,0,2,0,0,0,0,0,0,0
"ATHENS",23.7333210843,37.9833262319,0,2,0,0,2,2,2,2,2,0,2,2,0,2,0,2,2,2,2,0,0,0,2,2,4,0,2,4,3,2,0,0,0,0,3,0,2,2,4,3,0,0,0,2,2,0,2,0,0,2,0,0,0,0,3,3,3,0,0,0,0,1,0,0,0,0,2,0,0,0,0,0,0,0,0,0,0,0,0,0,0,0,0,0,0,0,0,0,0,3,0,0,2,0,0,0,0,0,2,0
"ATLANTA",-84.3999493833,33.830013854,3,3,2,3,2,0,1,2,3,0,3,3,2,2,0,2,0,2,0,3,0,0,0,0,2,0,2,2,3,3,0,2,0,0,0,2,2,3,0,2,2,2,0,3,2,0,0,0,0,2,0,2,2,0,0,3,0,0,2,0,0,2,1,3,3,0,2,0,0,0,0,3,2,0,0,2,0,0,0,0,0,0,0,3,0,2,3,0,2,0,0,2,0,2,2,2,3,2,2,0
"AUCKLAND",174.76302698708,-36.84805489493,2,2,0,2,2,0,2,3,3,2,2,2,3,3,0,3,2,2,2,2,0,2,3,0,2,2,2,3,3,2,0,2,0,0,0,0,2,0,2,2,2,2,0,2,2,0,0,0,0,2,0,0,2,0,3,2,2,0,0,0,0,1,0,3,0,3,0,0,0,0,0,0,0,0,0,0,0,0,0,0,0,0,0,0,0,2,0,0,2,0,0,2,2,2,0,2,0,0,2,0
"BAGHDAD",44.3938687732,33.3386484975,0,0,0,0,0,0,0,0,0,0,0,0,0,0,0,0,0,0,0,0,0,0,0,0,0,0,0,0,0,0,0,0,0,0,0,0,0,0,0,0,0,0,0,0,0,0,0,0,0,0,0,0,0,0,0,0,0,0,0,0,0,1,0,0,0,0,0,0,0,0,0,0,0,0,0,0,0,0,0,0,0,0,0,0,0,0,0,0,0,0,0,0,0,0,0,0,0,0,0,0
"BAKU",49.8622171619,40.3952720327,2,2,0,0,2,0,0,0,2,0,0,0,0,0,0,0,0,2,0,0,0,0,0,0,0,0,0,0,2,0,0,0,0,0,2,0,0,0,0,0,0,0,0,0,0,0,0,0,0,2,0,0,0,0,2,0,0,0,0,0,0,0,0,0,0,0,0,0,0,2,0,0,0,0,0,0,0,1,0,0,0,0,0,0,0,0,0,0,0,0,0,0,0,0,0,0,0,0,0,0
"BALTIMORE",-76.6199849871,39.2999900503,2,2,0,2,0,0,1,0,3,0,0,2,3,0,2,0,0,2,0,0,0,0,0,0,0,0,0,0,0,0,0,0,0,0,0,0,2,2,0,2,2,0,0,0,0,0,0,0,0,0,0,0,0,0,0,2,0,0,2,0,2,1,0,0,0,3,0,0,0,0,0,0,0,0,0,0,0,0,0,0,0,0,0,0,0,0,0,0,0,0,0,0,0,2,0,0,0,0,0,0
"BANDA SERI BEGAWAN",114.942222,4.890278,2,2,0,0,0,0,0,0,2,0,0,0,0,0,0,0,0,2,0,0,0,0,0,0,0,0,0,0,0,0,0,0,0,0,0,0,0,0,0,0,0,0,0,0,0,0,0,0,0,0,0,0,0,0,2,2,2,0,0,0,0,1,0,0,0,0,0,0,0,0,0,0,0,0,0,0,0,0,0,0,0,0,0,0,0,0,0,0,0,2,0,0,2,0,0,0,0,0,0,0
"BANDUNG",107.570012572,-6.95002927768,0,2,0,0,0,0,0,0,2,0,0,0,0,0,0,0,0,0,0,0,0,0,0,0,0,0,0,0,0,0,0,0,0,0,0,0,0,0,0,2,0,0,0,0,0,0,0,0,0,2,0,0,2,0,0,2,0,0,0,0,0,0,0,0,0,0,0,0,0,0,0,0,0,0,0,0,0,0,0,0,0,0,0,0,0,0,0,0,0,0,0,0,0,0,0,0,0,0,0,0
"BANGALORE",77.5600097238,12.9699951365,2,2,0,0,1,0,0,0,2,0,2,2,2,2,0,2,0,2,2,0,0,2,3,0,2,0,2,2,2,3,2,0,0,0,0,0,2,0,2,0,0,0,0,2,0,0,0,0,0,2,0,0,0,0,2,2,0,0,0,0,0,0,0,0,0,0,0,0,0,0,0,0,0,0,0,0,0,0,0,0,0,0,0,0,2,0,0,0,2,3,0,0,0,0,0,0,0,0,0,0
"BANGKOK",100.516644652,13.7499992055,0,0,2,0,1,2,2,3,3,0,2,2,2,2,2,2,0,2,0,0,3,2,3,2,2,2,2,2,2,0,0,0,3,2,0,2,2,2,3,0,2,3,0,3,2,3,0,2,3,3,3,2,4,3,2,2,2,0,2,2,0,1,2,3,0,2,0,0,0,3,2,0,0,2,0,2,2,0,0,0,0,0,2,0,0,2,0,0,2,3,0,2,2,2,0,2,0,0,2,0
"BARCELONA",2.18337031923,41.3832995799,2,2,2,2,2,0,0,2,2,0,2,3,3,2,2,2,3,2,2,3,0,0,2,2,2,0,2,3,3,3,0,0,0,0,0,2,4,2,0,2,0,2,0,0,2,0,0,0,0,2,0,0,2,0,2,2,2,0,2,0,3,3,0,3,0,3,0,0,0,2,3,0,2,0,0,0,0,0,0,0,0,0,0,0,0,2,2,2,0,0,0,0,0,0,2,2,0,2,2,2
"BASEL",7.59001704777,47.5803890168,2,2,0,0,2,0,0,0,2,0,2,0,0,0,0,0,2,2,0,0,0,0,0,0,0,0,0,0,0,0,0,0,0,0,0,0,0,0,2,2,0,0,3,2,0,0,0,0,0,0,0,0,0,0,0,0,0,0,0,0,0,1,0,2,0,0,0,0,0,0,0,0,0,0,0,0,0,0,0,0,0,0,0,0,0,0,0,0,0,0,0,0,0,0,0,0,0,0,0,0
"BATAM",104.033333,1.083333,0,2,0,0,0,0,0,0,2,0,0,0,0,0,0,0,0,0,0,0,0,0,0,0,0,0,0,0,0,0,0,0,0,0,0,0,0,0,0,0,0,0,0,0,0,0,0,0,0,0,0,0,0,0,0,0,0,0,0,0,0,0,0,0,0,0,0,0,0,0,0,0,0,0,0,0,0,0,0,0,0,0,0,0,0,0,0,0,0,0,0,0,0,0,0,0,0,0,0,0
"BEIJING",116.388285684,39.9288922313,0,2,0,0,0,1,2,2,2,0,2,2,2,2,2,0,0,2,2,0,2,0,3,2,2,2,2,2,2,2,2,0,4,2,3,2,2,3,2,2,2,2,0,3,3,2,2,3,2,3,2,2,2,2,2,0,2,0,2,0,0,2,2,2,0,0,0,0,0,2,2,0,2,1,0,0,0,2,2,2,2,0,0,0,2,2,3,0,2,2,2,0,0,0,2,2,2,0,2,0
"BEIRUT",35.50970821,33.871975117,2,2,0,2,2,2,2,4,2,0,2,2,3,0,2,2,2,2,0,0,0,0,2,2,2,2,2,2,2,2,0,0,0,0,2,2,0,2,0,2,0,0,0,2,0,0,0,0,0,2,0,0,0,0,2,2,2,0,0,0,0,1,0,0,0,0,2,0,0,0,0,0,0,0,0,0,0,0,0,0,0,0,0,0,0,0,0,0,0,2,0,0,2,2,0,0,0,0,0,0
"BELFAST",-5.96003442527,54.6000122265,2,0,0,0,1,0,0,2,2,0,2,2,0,2,0,0,0,2,0,0,0,0,0,0,0,0,0,0,2,0,0,0,0,0,0,0,0,0,0,0,0,0,0,0,2,0,0,0,0,0,0,0,0,0,2,0,0,0,0,0,0,1,0,2,0,0,0,0,0,0,0,0,0,0,0,0,0,0,0,0,0,0,0,0,0,0,0,0,0,0,0,0,0,0,0,0,0,0,0,0
"BELGRADE",20.4679906806,44.8186454458,0,0,0,0,0,0,0,0,2,0,0,0,0,0,0,0,0,2,0,0,0,0,0,0,0,2,2,2,2,2,0,0,0,0,0,0,0,0,0,0,0,0,0,0,0,0,0,0,0,0,0,0,0,0,0,0,0,0,0,0,0,1,0,0,0,0,0,0,0,0,0,0,0,0,0,0,0,0,0,0,0,0,0,0,0,0,0,0,0,0,0,0,2,0,0,0,0,0,0,0
"BELO HORIZONTE",-43.9150045182,-19.9150260225,2,2,0,0,0,0,0,2,2,0,2,0,0,2,0,2,0,2,0,0,0,0,0,0,0,0,0,0,0,0,0,0,0,2,2,0,0,0,0,0,0,0,0,0,0,0,0,0,0,0,0,0,0,0,2,2,0,0,2,0,0,0,0,2,0,0,0,0,0,0,0,0,0,0,0,0,0,0,0,0,0,0,0,0,0,0,0,0,0,0,0,0,0,0,0,0,0,0,0,0
"BERGEN",5.32452225609,60.3910024202,0,2,0,0,0,0,0,0,2,0,0,2,2,0,0,0,0,2,0,0,0,0,0,0,0,0,2,0,0,0,0,0,0,0,0,0,0,0,0,0,0,0,0,0,0,0,0,0,0,0,0,0,0,0,0,0,0,2,0,0,0,1,0,0,0,0,0,0,0,0,0,0,0,0,0,0,0,0,0,0,0,0,0,0,0,0,0,0,0,0,0,0,0,0,0,0,0,0,0,0
"BERLIN",13.4015486233,52.5218186636,0,2,0,2,2,0,0,3,3,0,2,4,2,0,0,3,2,3,0,0,0,0,0,0,2,0,0,2,0,0,2,0,0,2,2,3,4,2,0,2,0,0,2,2,2,0,3,3,0,0,0,0,2,0,2,3,2,3,0,0,0,3,2,0,0,0,0,0,0,2,3,0,2,0,0,3,2,2,0,2,0,0,2,0,0,0,0,0,0,0,0,2,0,0,2,2,0,0,2,2
"BERN",7.46697546248,46.9166827587,2,2,0,0,0,0,0,0,2,0,0,0,0,0,0,0,0,2,0,0,0,0,0,0,0,0,0,0,0,0,0,0,0,0,0,0,0,0,0,2,0,0,2,0,0,0,0,0,0,0,0,0,0,0,0,0,3,0,0,0,0,0,0,2,0,0,0,0,0,0,0,0,0,0,0,0,0,0,0,0,0,0,0,2,0,0,2,3,0,0,0,0,0,0,0,0,0,0,0,0
"BILBAO",-2.92998681783,43.2499815054,2,2,0,0,0,0,0,0,2,0,2,2,0,2,0,0,3,2,0,0,0,0,0,2,0,0,0,0,0,0,0,0,0,0,0,0,2,2,0,2,0,0,0,0,0,0,0,0,0,0,0,0,0,0,2,2,0,0,0,0,3,1,0,2,0,0,0,0,0,0,0,0,0,0,0,0,0,0,0,0,0,0,0,0,0,0,2,0,0,0,0,0,0,0,0,0,0,0,2,0
"BIRMINGHAM",-1.9199967869,52.4749739778,2,2,0,0,2,0,0,2,2,3,3,0,3,2,0,2,0,2,0,3,0,0,0,0,0,0,0,2,2,0,0,0,0,0,0,0,0,0,0,0,0,0,0,0,2,0,0,0,0,0,0,0,2,0,2,0,0,0,2,0,0,1,0,2,0,0,0,0,0,0,0,0,0,0,0,0,0,0,0,0,0,0,0,0,0,2,2,3,0,0,0,0,0,0,0,0,0,0,0,0
"BOGOTA",-74.072222,4.711111,0,2,2,0,1,2,2,2,2,0,2,2,2,2,2,2,0,2,0,2,0,0,0,2,2,0,2,2,3,2,0,0,0,2,3,0,2,2,2,4,0,0,0,2,3,2,0,0,0,0,0,0,2,0,0,3,0,3,2,0,0,1,0,0,2,3,0,0,0,2,0,0,0,0,0,0,0,0,0,0,0,0,0,0,0,2,2,0,0,2,0,0,2,2,0,2,0,0,2,0
"BOLOGNA",11.3400207099,44.5004219758,0,3,0,2,0,0,0,0,2,0,0,0,3,0,0,0,0,2,0,0,0,0,0,0,0,0,0,0,0,3,0,0,0,0,0,0,0,0,0,0,0,0,0,0,0,0,0,0,0,0,0,0,0,0,0,0,0,0,2,0,0,1,0,2,0,0,0,0,0,0,0,0,0,0,0,0,0,0,0,0,0,0,0,0,0,0,0,0,0,0,0,0,0,0,0,0,0,0,0,0
"BONN",7.08002233748,50.7204557486,0,0,0,0,0,0,0,0,0,0,0,0,0,0,0,0,2,2,0,0,0,0,0,0,0,0,0,2,0,0,0,0,0,0,2,2,2,0,0,0,0,0,0,0,0,0,0,2,0,0,0,0,0,0,0,2,0,0,0,0,0,2,0,0,0,0,0,0,0,0,0,0,0,0,0,0,0,0,0,0,0,0,0,0,2,0,0,0,0,0,0,0,0,0,0,0,0,0,0,0
"BORDEAUX",-0.59501306294,44.8500130402,0,0,0,0,0,0,0,0,3,0,3,1,2,0,0,0,2,2,0,0,0,0,0,0,0,0,0,0,0,0,0,0,0,0,0,0,2,0,2,2,0,0,0,0,0,0,0,0,0,0,0,0,0,0,0,0,0,0,2,0,0,1,2,2,0,0,0,0,0,0,0,0,0,0,0,0,0,0,0,0,0,0,0,0,0,0,2,0,0,0,0,0,0,0,0,0,0,0,0,0
"BOSTON",-71.0700136736,42.3299601431,3,2,3,3,0,0,1,0,3,2,0,3,2,2,2,2,0,2,0,2,0,0,0,0,0,0,0,0,0,2,0,2,0,0,0,0,2,3,0,2,2,0,0,0,2,0,0,0,0,0,0,2,3,0,0,3,0,0,2,0,2,3,2,4,5,2,3,2,0,0,0,0,0,0,0,0,0,0,0,0,2,0,0,2,0,3,0,3,2,0,2,5,0,2,2,2,5,0,2,2
"BRATISLAVA",17.1169807522,48.15001833,3,2,0,2,2,2,2,0,2,0,0,0,0,0,0,2,0,2,0,0,0,0,2,0,2,0,2,2,2,0,0,0,0,0,2,2,0,0,0,0,0,0,0,0,0,0,2,0,0,0,0,0,0,0,0,2,2,0,0,0,0,0,0,0,0,0,0,0,0,0,0,0,2,1,0,2,2,2,0,0,0,0,0,0,0,0,0,2,0,2,0,0,2,0,0,0,0,0,2,0
"BRAZILIA",-47.882778,-15.793889,0,0,0,0,0,0,0,0,0,0,0,0,2,2,0,0,0,2,0,0,0,0,0,2,2,0,2,0,2,0,0,0,0,0,0,0,0,0,0,0,4,0,0,0,0,0,0,0,0,0,0,0,0,0,0,2,0,0,0,0,0,0,0,0,0,0,0,0,0,2,0,0,0,0,0,0,0,0,0,0,0,0,0,0,0,0,0,0,0,0,0,0,0,0,0,0,0,0,0,0
"BRAZZAVILLE",15.2846894925,-4.25918577181,0,0,0,0,0,0,0,0,0,0,0,0,0,0,0,0,0,0,0,0,0,0,0,0,0,0,0,0,0,0,0,0,0,0,0,0,0,0,0,0,0,0,0,0,0,0,0,0,0,0,0,0,0,0,0,0,0,0,0,0,0,1,0,0,0,0,0,0,0,0,0,0,0,0,0,0,0,0,0,0,0,0,0,0,0,0,0,0,0,0,0,0,0,0,0,0,0,0,0,0
"BRISBANE",153.035092732,-27.4550309054,2,2,2,3,3,0,0,2,2,0,3,3,2,2,2,2,0,2,0,2,0,0,2,0,0,0,0,3,2,0,0,0,0,0,0,0,0,0,0,0,2,0,0,0,2,0,0,0,0,2,2,0,0,0,2,2,0,0,0,0,0,1,0,2,0,3,0,0,0,0,0,0,0,0,0,0,0,0,0,0,0,0,0,0,0,0,0,0,0,0,0,0,0,2,0,0,0,0,2,0
"BRISTOL",-2.5833154718,51.4499977815,2,2,0,0,0,0,0,0,2,2,3,0,2,2,2,2,0,2,0,2,0,0,0,0,0,0,0,0,2,0,0,2,0,0,0,0,0,0,0,0,0,0,0,0,2,0,2,0,0,0,0,0,0,0,2,0,0,0,2,0,0,0,0,0,0,0,0,0,0,0,0,0,0,0,0,0,0,3,0,0,0,0,0,2,3,0,2,2,0,0,0,0,0,0,0,0,0,0,0,0
"BRUSSELS",4.3333166083,50.8333170767,2,2,0,0,2,5,2,3,2,0,3,2,2,2,0,0,3,2,1,2,0,3,2,2,3,2,2,3,3,3,0,2,0,4,3,3,3,2,4,2,0,0,0,3,2,0,0,0,2,3,2,3,2,0,2,3,4,0,2,0,0,3,5,2,0,2,2,0,2,2,3,2,4,1,2,4,3,2,2,2,2,0,3,2,2,2,3,0,2,3,0,2,3,0,2,2,3,0,2,2
"BUCHAREST",26.099946654,44.4333718049,0,0,0,0,0,2,2,2,2,0,3,0,2,2,0,0,0,2,0,0,0,0,2,2,2,2,2,2,2,3,0,0,0,0,2,2,2,0,2,2,0,0,0,0,0,0,0,0,0,2,0,0,0,0,0,2,2,0,0,0,0,1,0,2,0,0,0,0,0,0,0,0,0,0,0,0,0,2,0,0,0,0,0,0,0,0,0,0,0,2,0,0,2,0,0,0,0,0,0,2
"BUDAPEST",19.0833206774,47.5000063264,2,2,0,2,2,0,2,2,3,0,3,0,4,2,2,2,0,2,2,0,0,0,3,2,2,2,2,2,2,2,0,0,0,3,3,2,2,0,3,4,2,2,0,0,2,0,2,3,0,2,0,0,0,0,0,2,2,0,0,0,0,3,0,0,0,0,0,0,0,2,2,0,2,1,0,2,2,3,0,2,0,0,2,0,0,0,0,0,2,2,0,2,2,0,2,2,0,0,2,0
"BUENOS AIRES",-58.3975313737,-34.6025016085,2,2,0,2,2,4,2,3,2,0,2,2,2,2,2,2,2,2,3,2,0,0,3,2,2,2,2,2,2,3,0,2,0,4,3,2,2,2,0,0,2,2,0,3,3,0,2,0,0,0,0,2,2,2,2,3,2,0,2,0,4,3,0,0,2,2,0,0,0,3,0,0,0,0,0,0,0,0,2,0,0,0,0,2,0,2,3,0,2,2,2,2,2,2,2,4,0,0,2,0
"BUFFALO",-78.8800020769,42.8799782502,2,0,0,0,0,0,0,0,2,0,3,0,0,0,0,0,0,2,0,0,0,0,0,0,0,0,0,0,0,0,0,0,0,0,0,0,0,2,0,2,0,0,0,0,0,0,0,0,0,0,0,0,0,0,4,2,0,0,2,0,2,0,0,2,0,3,0,0,0,0,0,0,0,0,0,0,0,0,0,0,0,0,0,0,0,0,0,0,0,0,0,0,0,0,0,0,0,0,0,0
"BULAWAYO",28.5800019925,-20.1699975395,2,0,0,0,0,0,2,0,2,0,0,0,0,0,0,0,0,2,0,0,0,0,0,0,0,0,0,0,0,0,0,0,0,0,0,0,0,0,0,0,0,0,0,0,2,0,0,0,0,0,0,0,0,0,0,0,0,0,0,0,0,1,0,0,0,0,0,0,0,0,0,0,0,0,0,0,0,0,0,0,0,0,0,0,0,0,0,0,0,0,0,0,0,0,0,0,0,0,0,0
"CAIRO",31.2499682197,30.0499603465,2,2,0,2,3,2,2,2,2,2,2,2,2,0,2,2,2,2,0,0,0,0,2,2,2,2,2,2,2,2,0,0,0,0,2,2,2,2,3,2,2,0,2,0,3,0,0,0,0,3,0,0,2,0,2,2,2,0,0,0,0,1,0,0,0,0,0,0,0,2,0,0,0,0,0,0,0,0,0,0,0,0,0,0,0,0,0,0,0,2,0,0,2,0,0,0,0,0,0,0
"CALCUTTA",88.3639,22.5726,2,0,0,0,3,2,0,0,2,0,2,2,0,2,0,0,0,3,0,0,0,0,3,0,2,0,2,2,2,3,2,0,0,0,0,0,2,0,2,2,0,0,0,0,0,0,0,0,0,2,0,0,2,0,4,2,0,0,0,0,0,1,0,0,0,0,0,0,0,0,0,0,0,0,0,0,0,0,0,0,0,0,0,0,0,0,2,0,0,0,0,0,0,0,0,0,0,0,0,0
"CALGARY",-114.079998212,51.0829917593,2,2,0,0,0,0,0,2,2,0,0,3,0,0,2,0,0,2,0,2,0,0,2,0,0,0,2,2,3,0,0,2,0,0,0,0,0,0,0,0,0,0,0,0,2,0,0,0,0,2,0,2,0,0,3,0,0,0,2,0,0,1,0,2,0,3,3,0,0,0,0,0,0,0,0,0,0,0,0,0,0,0,0,2,0,2,0,2,2,0,0,0,0,0,0,0,0,2,0,0
"CANBERRA",149.129026244,-35.2830285454,2,0,0,0,1,0,0,0,2,0,2,2,2,0,2,0,0,2,0,2,0,0,0,0,0,0,0,0,0,0,0,0,0,0,0,0,0,0,0,0,0,0,0,0,0,0,0,0,0,0,2,0,0,0,0,0,0,0,0,0,0,0,0,0,0,0,0,0,0,0,0,0,0,0,0,0,0,0,0,0,0,0,0,2,0,0,0,0,0,0,0,0,0,0,0,0,0,0,2,0
"CAPE TOWN",18.4349881578,-33.9200109672,2,2,0,3,2,0,0,2,2,0,2,3,3,2,2,2,0,2,0,0,0,0,0,0,3,2,2,2,0,3,0,0,0,0,0,0,0,0,0,0,0,0,0,0,0,0,0,0,0,0,0,0,0,0,2,0,0,0,0,0,0,1,0,2,0,0,0,0,0,0,0,0,0,0,0,0,0,1,0,0,0,0,0,2,0,0,0,0,0,0,0,0,0,0,0,0,0,0,2,0
"CARACAS",-66.9170371924,10.5009985544,0,2,0,2,1,2,2,2,2,0,2,2,2,2,2,2,0,1,2,2,0,0,3,2,2,2,0,2,2,2,0,0,0,2,2,0,2,2,2,0,0,0,0,2,3,0,0,0,0,0,0,2,2,2,2,2,2,0,2,0,0,1,0,0,2,2,0,0,0,3,0,0,0,0,0,0,0,0,0,0,0,0,0,0,0,0,2,0,2,2,0,0,2,2,2,2,0,0,2,0
"CARDIFF",-3.22500756979,51.4999947297,2,0,0,0,0,0,0,0,2,0,0,0,0,0,0,2,2,2,0,2,0,0,0,0,0,0,0,0,0,0,0,0,0,0,0,0,0,0,0,0,0,0,0,0,2,0,0,0,0,0,0,0,0,0,0,0,0,0,0,0,0,0,0,0,0,0,0,0,0,0,0,0,0,0,0,0,0,0,0,0,0,0,0,0,0,0,0,0,0,0,0,0,0,0,0,0,0,0,0,0
"CASABLANCA",-7.61636743309,33.5999762156,0,2,0,0,2,2,2,0,0,0,0,2,2,0,2,2,3,2,0,0,0,0,2,2,0,2,2,0,2,2,0,0,0,0,0,2,0,0,0,3,0,0,0,0,0,0,0,0,0,2,0,0,0,0,2,2,0,0,0,0,0,1,0,0,0,0,0,0,0,0,0,0,0,0,0,0,0,0,0,0,0,0,0,0,0,0,0,0,0,2,0,0,2,0,0,0,0,0,0,0
"CHARLOTTE",-80.8300380877,35.2049945262,2,2,0,2,2,0,0,2,3,0,3,2,0,0,0,2,0,2,0,0,0,0,0,0,0,0,0,0,0,0,0,0,0,0,0,0,0,2,0,0,0,0,0,2,0,0,0,0,0,0,0,0,0,0,0,3,0,0,2,0,2,0,2,0,0,4,0,0,0,0,0,0,0,0,0,0,0,0,0,0,0,0,0,2,0,2,0,0,2,0,0,0,0,0,0,2,0,0,2,0
"CHENNAI",80.2799987375,13.0899878122,2,2,2,0,0,0,0,0,2,0,0,2,2,0,0,0,2,2,2,0,0,0,3,0,2,0,2,2,2,3,2,0,0,0,0,0,2,0,2,2,0,0,0,0,0,0,0,0,0,2,0,0,2,0,2,2,0,0,0,0,0,1,0,0,0,0,0,0,0,0,0,0,0,0,0,0,0,0,0,0,0,0,0,0,0,0,0,0,0,0,0,0,0,0,0,0,0,0,0,0
"CHICAGO",-87.7500549741,41.8299906607,2,5,2,2,2,2,5,2,3,2,3,2,4,0,2,2,4,2,3,3,0,5,0,2,3,0,2,2,2,3,2,2,0,2,2,3,3,2,2,2,2,2,3,2,3,3,0,0,4,3,2,4,3,4,2,3,0,0,4,3,2,3,2,3,3,2,3,3,0,5,0,4,0,0,0,0,0,0,0,2,3,5,0,3,0,2,0,0,5,0,2,2,0,2,5,4,3,2,5,0
"CHRISTCHURCH",172.63002315616,-43.53502159539,2,0,0,2,1,0,0,2,2,0,0,2,2,2,0,2,0,2,0,2,0,0,0,0,0,0,0,0,0,0,0,0,0,0,0,0,0,0,0,0,0,0,0,0,0,0,0,0,0,0,0,0,0,0,2,0,0,0,0,0,0,1,0,2,0,0,0,0,0,0,0,0,0,0,0,0,0,0,0,0,0,0,0,0,0,0,0,0,0,0,0,0,0,0,0,0,0,0,0,0
"CINCINNATTI",-84.516667,39.1,2,2,0,2,0,0,1,0,3,0,0,2,2,0,0,0,0,2,0,2,0,0,0,0,0,0,0,0,0,0,0,0,0,0,0,0,0,2,0,0,0,0,0,0,0,0,0,0,0,0,0,0,0,0,0,2,0,0,2,0,2,0,0,2,0,3,0,0,0,0,0,0,0,0,0,0,0,0,0,0,0,0,0,2,0,0,0,0,2,0,0,0,0,0,0,0,0,0,2,0
"CIUDAD JUAREZ",-106.487014,31.738581,2,2,0,0,0,0,0,0,2,0,0,1,0,0,0,0,0,2,0,0,0,0,0,0,0,0,0,0,0,0,0,0,0,0,0,0,0,0,0,0,0,0,0,0,0,0,0,0,0,0,0,0,0,0,0,0,0,0,0,0,0,0,0,0,0,0,0,0,0,2,0,0,0,0,0,0,0,0,0,0,0,0,0,0,0,0,0,0,0,0,0,0,0,0,0,0,0,0,0,0
"CLEVELAND",-81.6949982114,41.4699867951,2,2,0,0,0,0,1,0,3,2,0,4,0,2,2,0,0,2,0,2,0,0,0,0,2,0,0,0,0,2,0,0,0,0,0,0,0,2,0,0,0,0,0,0,0,0,0,0,0,0,0,0,0,0,0,3,0,0,2,0,2,1,0,0,0,0,0,0,0,0,0,5,0,0,0,0,0,0,0,0,0,0,0,2,0,2,0,0,2,0,2,0,0,2,2,2,0,0,2,0
"COLOGNE",6.95000443383,50.9300036815,0,2,0,0,3,0,0,0,3,0,0,3,2,0,0,2,2,2,2,0,0,0,0,0,0,0,0,2,0,0,0,0,0,3,2,2,3,0,0,2,0,0,0,2,0,0,2,2,0,0,0,0,0,0,0,2,2,0,0,0,3,1,2,0,0,0,0,0,0,0,0,0,2,0,0,3,0,0,0,0,0,0,0,2,0,0,3,2,0,0,0,0,0,0,0,2,0,0,0,2
"COLOMBO",79.8577506093,6.93196575818,0,0,0,0,0,0,2,0,2,0,0,0,2,2,2,0,0,2,0,0,0,0,0,0,2,0,2,0,2,2,0,0,0,0,0,0,2,0,0,2,0,0,0,0,0,0,0,0,0,2,0,0,0,0,2,2,0,0,0,0,0,1,0,0,0,0,0,0,0,0,0,0,0,0,0,0,0,0,0,0,0,0,0,0,0,1,0,0,0,2,0,0,1,0,0,0,0,0,0,0
"COLUMBUS",-82.9900096046,39.9799743846,2,2,0,2,2,0,0,0,3,0,3,2,0,0,0,0,0,2,0,0,0,0,0,0,0,0,0,0,0,0,0,0,0,0,0,0,0,2,0,2,0,0,0,0,0,0,0,0,0,0,0,0,0,0,0,2,0,0,0,0,2,0,0,0,0,0,0,0,0,0,0,3,0,0,0,0,0,0,0,0,0,0,0,0,0,2,0,0,0,0,0,0,0,0,0,0,0,0,2,0
"CONAKRY",-13.6802350275,9.53152284641,0,0,0,0,0,0,0,0,0,0,0,0,0,0,0,0,0,0,0,0,0,0,0,0,0,0,0,0,0,0,0,0,0,0,2,0,0,0,2,0,0,0,0,0,0,0,0,0,0,0,0,0,0,0,0,0,0,0,0,0,0,1,0,0,0,0,0,0,0,0,0,0,0,0,0,0,0,0,0,0,0,0,0,0,0,0,0,0,0,0,0,0,0,0,0,0,0,0,0,0
"COPENHAGEN",12.5634857473,55.6785641904,2,2,2,3,3,2,2,2,3,0,2,2,3,4,2,3,2,2,2,0,0,0,3,2,2,2,3,3,4,2,2,0,0,1,2,3,0,0,0,2,0,0,0,0,0,0,0,0,0,0,0,0,0,0,0,2,2,3,2,0,0,3,2,0,0,3,2,0,0,0,0,0,0,0,0,0,0,0,0,0,0,0,0,0,0,0,2,3,0,0,0,2,2,2,2,2,0,0,2,2
"CURITIBA",-49.3199976009,-25.4200130017,2,2,0,0,0,0,0,2,2,0,0,0,2,2,0,2,0,2,0,0,0,0,0,0,0,0,0,0,0,0,0,0,0,0,0,0,0,0,0,0,0,0,0,0,0,0,0,0,0,0,0,0,0,0,3,2,0,0,2,0,0,0,0,0,0,0,0,0,0,0,0,0,0,0,0,0,0,0,0,0,0,0,0,0,0,0,0,0,0,0,0,0,0,0,0,0,0,0,0,0
"DAKAR",-17.4731301284,14.715831725,3,0,0,0,0,2,0,0,0,0,0,0,0,0,0,2,2,2,0,0,0,0,0,0,0,0,2,0,2,0,0,0,0,0,2,0,0,0,0,0,0,0,0,0,0,0,0,0,0,2,0,0,0,0,0,2,0,0,0,0,0,1,0,0,0,0,0,0,0,0,0,0,0,0,0,0,0,0,0,0,0,0,0,0,0,0,0,0,0,3,0,0,0,0,0,0,0,0,0,0
"DALIAN",121.629830838,38.9228383932,0,0,0,0,2,0,0,2,0,0,0,0,0,0,0,0,0,2,0,0,0,0,0,0,0,0,0,0,0,0,0,0,0,0,0,0,0,0,2,0,0,0,0,2,0,2,0,0,2,3,2,0,2,3,2,0,0,0,0,0,0,0,0,0,0,0,0,0,0,0,0,0,0,0,0,0,0,0,0,0,0,0,0,0,0,0,0,0,0,0,0,0,0,0,0,0,0,0,0,0
"DALLAS",-96.8400169289,32.8200238231,0,2,0,0,0,0,2,2,3,0,3,2,0,2,0,0,0,2,0,3,0,0,0,0,2,0,2,0,2,2,0,2,0,0,0,0,2,2,2,2,0,2,2,0,0,0,0,0,0,0,0,3,2,0,2,3,0,0,4,0,2,3,2,3,0,3,0,0,0,2,0,4,0,0,0,0,0,0,0,0,0,3,0,2,2,2,0,0,2,0,2,2,0,2,2,2,3,0,2,0
"DAMASCUS",36.299995889,33.5000339956,0,2,0,0,1,0,0,2,0,0,0,0,0,0,2,0,2,0,0,0,0,0,0,0,0,0,0,0,0,2,0,0,0,0,0,0,0,0,0,0,0,0,0,0,0,0,0,0,0,2,0,0,0,0,0,0,0,0,0,0,0,0,0,0,0,0,0,0,0,0,0,0,0,0,0,0,0,0,0,0,0,0,0,0,0,0,0,0,0,0,0,0,2,0,0,0,0,0,0,0
"DAR ES SALAAM",39.2683418363,-6.80001259474,0,0,0,0,0,0,0,0,2,0,0,0,2,0,0,0,0,2,0,0,0,0,0,0,2,2,2,0,2,2,0,0,0,0,0,0,0,0,0,0,0,0,0,0,0,0,0,0,0,2,0,0,0,0,0,2,0,0,0,0,0,1,0,0,0,0,0,0,0,0,0,0,0,0,0,0,0,0,0,0,0,0,0,0,0,0,0,0,0,2,0,0,2,0,0,0,0,0,0,0
"DENVER",-104.984015952,39.7391880484,2,2,0,0,0,0,1,3,3,0,0,3,3,0,0,2,0,2,0,2,0,0,0,0,2,0,0,0,0,2,0,0,0,0,0,0,0,2,0,2,0,0,0,2,0,0,0,0,0,2,0,2,0,0,2,3,0,0,2,2,2,0,0,0,4,3,0,0,0,0,0,0,0,0,3,0,0,0,2,0,0,0,2,2,2,2,0,2,2,0,0,0,0,2,0,0,0,0,2,0
"DETROIT",-83.0800557879,42.3299601431,2,2,0,0,2,0,1,0,3,0,0,4,0,2,0,0,0,2,3,0,0,0,0,2,3,0,2,2,0,4,0,2,0,0,0,0,2,2,0,2,0,0,0,0,0,0,0,0,0,2,0,0,0,0,0,0,0,0,2,0,2,1,0,0,0,0,0,0,0,0,0,0,0,0,0,0,0,0,0,0,0,0,0,2,0,2,0,0,2,0,0,0,0,0,2,2,0,0,2,0
"DHAKA",90.4085794667,23.7230597117,0,0,0,3,3,0,0,0,2,0,2,0,2,2,0,0,0,2,0,0,0,0,0,0,0,0,2,0,2,2,0,0,0,0,0,0,0,0,0,0,0,0,0,0,0,0,0,0,0,2,0,0,2,0,2,2,0,0,0,0,0,0,0,0,0,0,0,0,0,0,0,0,0,0,0,0,0,0,0,0,0,0,0,0,0,0,0,0,0,2,0,0,1,0,0,0,0,0,0,0
"DJIBOUTI",43.1480016671,11.5950144643,0,0,0,0,0,0,0,0,0,0,0,0,0,0,0,0,0,0,0,0,0,0,0,0,0,0,0,0,0,0,0,0,0,0,0,0,0,0,2,0,0,0,0,0,0,0,0,0,0,0,0,0,0,0,0,0,0,0,0,0,0,1,0,0,0,0,0,0,0,0,0,0,0,0,0,0,0,0,0,0,0,0,0,0,0,0,0,0,0,0,0,0,0,0,0,0,0,0,0,0
"DOHA",51.5329678943,25.2865560089,2,0,0,0,0,1,2,2,2,0,0,1,2,0,0,0,2,2,0,0,0,0,0,0,0,0,0,0,2,0,0,0,0,0,0,0,0,0,0,0,0,0,0,0,0,0,0,0,0,2,0,0,0,0,2,0,0,0,0,0,0,0,0,0,0,0,0,0,0,0,0,0,0,0,0,0,0,0,0,0,0,0,0,0,0,0,0,0,0,2,0,0,2,0,0,0,0,0,2,0
"DORTMUND",7.45002559269,51.5299670604,0,0,0,0,2,0,0,0,0,0,0,0,0,0,0,0,0,2,0,0,0,0,0,0,0,0,0,0,0,0,0,0,0,2,2,2,2,0,0,2,0,0,0,0,0,0,2,2,0,0,0,0,0,0,0,0,0,0,0,0,0,0,0,0,0,0,0,0,0,0,0,0,0,0,0,0,0,0,0,0,0,0,0,0,0,0,0,0,0,0,0,0,0,0,0,0,0,0,0,0
"DOUALA",9.70999100611,4.06040976859,3,0,0,0,0,0,0,0,0,0,2,0,2,0,0,2,0,2,0,0,0,0,0,0,0,2,0,0,2,0,0,0,0,0,0,0,0,0,0,0,0,0,0,0,0,0,0,0,0,0,0,0,0,0,0,2,0,0,0,0,0,1,0,0,0,0,0,0,0,0,0,0,0,0,0,0,0,0,0,0,0,0,0,0,0,0,0,0,0,0,0,0,2,0,0,0,0,0,0,0
"DRESDEN",13.7500028063,51.0499705191,0,2,0,2,0,0,0,0,2,0,0,2,2,2,0,2,2,2,0,0,0,0,0,0,0,0,0,0,2,0,0,0,0,0,2,2,2,0,0,0,0,0,0,0,0,0,3,0,0,0,0,0,0,0,0,2,0,0,0,0,0,0,0,0,0,0,0,0,0,0,0,0,0,0,0,0,2,2,0,2,0,0,0,0,0,0,0,0,0,0,0,0,0,0,0,0,0,0,0,0
"DUBAI",55.2799743234,25.2299961538,2,2,2,2,2,3,2,3,3,0,2,2,2,2,2,2,2,2,0,0,0,0,2,2,2,2,2,2,2,2,0,0,0,2,2,0,0,0,2,0,0,0,0,2,3,0,0,0,0,2,0,0,0,0,2,2,2,0,0,0,0,1,2,2,0,2,0,0,0,0,2,0,0,1,0,0,0,0,0,0,0,0,0,0,2,0,0,0,0,2,0,0,0,0,0,2,0,0,2,0
"DUBLIN",-6.24890568178,53.333061136,2,2,0,2,2,2,2,2,2,0,3,0,2,2,2,2,3,2,0,2,0,0,2,2,0,0,2,2,2,2,0,0,0,2,2,3,2,4,2,3,0,2,2,0,2,0,2,0,0,3,0,0,0,0,3,2,2,2,2,2,0,3,3,3,2,2,2,0,0,0,0,0,0,0,0,0,0,0,0,0,0,0,0,0,2,2,2,0,2,2,0,0,2,0,0,2,0,0,2,0
"DURBAN",30.9800105374,-29.8650130017,2,2,0,0,0,0,0,0,2,0,2,2,3,2,2,2,0,2,0,0,0,0,0,0,2,0,2,0,0,0,0,0,0,0,0,0,0,0,0,0,0,0,0,0,0,0,0,0,0,0,0,0,0,0,0,0,0,0,0,0,0,1,0,2,0,0,0,0,0,0,0,0,0,0,0,0,0,0,0,0,0,0,0,0,0,0,0,0,0,0,0,0,0,0,0,0,0,0,0,0
"DUSSELDORF",6.783333,51.233333,0,2,0,0,3,0,0,0,2,0,3,3,3,2,2,0,2,3,0,2,2,0,0,2,0,0,2,4,0,0,0,0,0,5,2,3,3,0,0,2,0,0,0,0,2,2,2,2,3,3,2,0,3,3,3,2,0,0,2,0,0,3,0,2,0,0,0,0,0,2,3,0,3,0,0,0,2,2,0,3,0,0,0,0,0,2,2,0,0,0,0,2,2,2,2,2,0,0,2,0
"EDINBURGH",-3.21909061829,55.9483278596,2,2,0,0,0,0,0,0,2,0,0,1,2,2,0,2,2,2,0,2,0,2,0,0,0,0,0,0,2,0,2,0,0,0,0,0,2,2,0,0,0,2,0,0,2,0,0,0,0,0,0,0,0,0,2,0,0,0,0,0,0,0,0,2,0,0,0,0,0,0,0,0,0,0,0,0,0,0,0,0,0,0,0,0,2,0,0,0,0,0,0,0,0,0,0,0,0,0,0,0
"EDMONTON",-113.499981935,53.5500246369,2,0,0,0,0,0,0,0,2,0,2,2,3,0,0,0,0,2,0,0,0,0,0,0,0,0,0,0,0,0,0,0,0,0,0,0,0,0,0,0,0,0,0,0,2,0,0,0,0,0,0,0,0,0,3,0,0,0,0,0,0,1,0,2,3,3,0,0,0,0,0,0,0,0,0,0,0,0,0,0,0,0,0,0,0,0,0,0,0,0,0,0,0,0,0,0,0,0,0,0
"ESSEN",7.01661535506,51.4499977815,0,0,0,0,0,0,0,0,2,0,0,0,0,0,0,0,0,2,0,0,0,0,0,0,0,0,0,0,2,0,0,0,0,2,2,2,3,0,0,0,0,0,0,0,0,0,2,2,0,0,0,0,0,0,0,2,0,0,0,0,0,0,0,0,0,0,0,0,0,0,0,0,0,0,0,0,0,0,0,0,0,0,0,0,0,0,0,0,0,0,0,0,0,0,0,0,0,0,0,0
"FRANKFURT",8.67501542017,50.0999768261,0,2,0,2,4,2,0,0,3,0,3,3,2,0,0,3,3,4,3,3,2,2,3,3,3,2,2,0,3,4,0,0,2,2,5,5,5,4,2,3,2,2,3,3,4,0,3,2,0,0,0,3,3,2,2,2,2,0,2,2,0,3,3,0,0,0,2,0,2,3,4,2,4,3,0,3,3,2,0,4,2,0,4,3,2,2,0,0,0,0,2,2,0,2,2,4,0,2,2,0
"FREETOWN",-13.2342157404,8.47001141249,0,0,0,0,0,0,0,0,2,0,0,0,0,0,0,2,0,0,0,0,0,0,0,0,0,0,0,0,0,0,0,0,0,0,0,0,0,0,0,0,0,0,0,0,0,0,0,0,0,0,0,0,0,0,0,0,0,0,0,0,0,1,0,0,0,0,0,0,0,0,0,0,0,0,0,0,0,0,0,0,0,0,0,0,0,0,0,0,0,2,0,0,0,0,0,0,0,0,0,0
"GABORONE",25.9119477933,-24.6463134574,0,0,0,0,0,1,2,0,2,0,0,2,0,0,0,2,0,2,0,0,0,0,0,0,2,2,0,0,0,0,0,0,0,0,0,0,0,0,0,0,0,0,0,0,2,0,0,0,0,0,0,0,0,0,0,0,0,0,0,0,0,0,0,0,0,0,0,0,0,0,0,0,0,0,0,0,0,0,0,0,0,0,0,0,0,0,0,0,0,2,0,0,2,0,0,0,0,0,0,0
"GENEVA",6.14002803409,46.2100075471,2,2,0,0,1,0,2,3,2,0,2,2,3,2,0,2,2,2,0,0,0,0,2,0,0,2,0,0,2,0,0,0,0,0,2,2,2,2,2,2,2,0,2,3,2,0,0,0,0,0,0,2,0,0,3,2,2,0,0,0,0,0,0,3,0,0,0,0,0,2,0,2,0,0,0,0,0,0,0,0,0,0,0,3,0,0,2,0,0,0,0,0,0,0,0,2,0,0,0,0
"GENOA",8.93003861353,44.4099882193,0,0,0,0,0,0,0,0,2,0,0,0,0,2,0,0,0,2,0,0,0,0,0,0,0,0,0,0,0,0,0,0,0,0,0,0,0,0,2,0,0,0,0,0,0,0,0,0,0,0,0,0,0,0,0,0,0,0,0,0,0,1,0,2,0,3,0,0,0,0,0,0,0,0,0,0,0,0,0,0,0,0,0,0,0,0,0,0,0,0,0,0,0,0,0,0,0,0,0,0
"GEORGETOWN",143.53329545,-18.3000341605,0,0,0,0,0,0,2,0,2,0,0,0,0,0,0,2,0,2,0,0,0,0,0,0,0,0,0,0,2,0,0,0,0,0,0,0,0,0,0,0,0,0,0,0,0,0,0,0,0,0,0,0,0,0,0,0,0,0,0,0,0,1,0,0,0,0,0,0,0,0,0,0,0,0,0,0,0,0,0,0,0,0,0,0,0,0,0,0,0,0,0,0,0,0,0,0,0,0,0,0
"GLASGOW",-4.25070723613,55.8744047232,2,2,0,0,0,0,0,2,2,0,0,1,3,2,0,2,0,2,0,3,0,0,0,0,0,0,0,0,2,0,0,0,0,0,0,0,0,0,0,0,0,0,0,0,2,0,0,0,0,0,0,2,0,0,2,0,0,0,2,0,0,1,0,2,0,0,0,0,0,0,0,0,0,0,0,0,0,0,0,0,0,0,0,0,0,0,0,3,0,0,0,0,0,0,0,0,0,0,0,0
"GOTHENBURG",12.0000321031,57.7500008333,0,2,0,0,2,0,0,2,2,0,2,0,0,0,2,2,2,2,0,0,0,0,0,0,2,0,0,0,0,0,0,0,0,0,0,0,0,0,0,0,0,0,0,0,0,0,0,0,0,0,0,0,0,0,0,0,0,3,0,0,0,1,0,0,0,0,0,0,0,0,0,0,0,0,0,2,0,0,0,0,0,0,0,0,0,0,2,0,0,0,0,0,0,2,0,2,0,0,2,2
"GRENOBLE",5.72000199242,45.1803804719,0,0,0,0,0,0,0,0,3,0,3,0,0,0,0,0,0,2,0,0,0,0,0,0,0,0,0,0,2,0,0,0,0,0,0,0,0,0,0,0,0,0,0,0,0,0,0,0,0,0,0,0,0,0,0,0,2,0,0,0,0,0,0,2,0,0,0,0,0,0,0,0,0,0,0,0,0,0,0,0,0,0,0,0,0,0,2,0,0,0,0,0,0,0,0,0,0,0,0,0
"GUADALAJARA",-103.330034222,20.6700160919,2,2,2,0,0,0,0,2,3,0,2,2,3,0,0,2,0,2,0,0,0,0,0,0,0,0,0,0,0,0,0,0,0,0,0,0,0,0,0,0,0,0,0,0,0,0,0,0,0,0,0,0,0,0,0,0,0,0,0,2,3,0,2,0,0,0,0,0,0,2,0,0,0,0,0,0,0,0,0,0,0,0,0,0,0,0,0,0,0,0,0,0,0,0,0,0,0,0,0,0
"GUANGZHOU",113.325010131,23.1449813019,0,2,0,0,0,0,0,0,2,0,0,0,0,0,0,0,0,2,2,0,2,2,3,0,2,2,2,0,2,2,2,0,3,0,2,0,2,0,2,2,0,0,0,2,0,2,0,0,2,3,2,0,2,2,2,0,2,0,0,0,0,2,2,0,0,0,0,0,0,0,0,0,0,0,0,0,0,0,0,0,0,0,0,0,0,0,0,0,0,0,0,0,0,0,0,0,0,0,0,0
"GUATEMALA CITY",-90.5269655779,14.6211346628,0,2,0,0,2,2,2,0,2,0,2,2,0,0,0,2,0,2,2,0,0,0,2,0,2,2,2,2,2,2,0,0,0,0,0,0,0,0,0,0,0,0,0,0,0,0,0,0,0,0,0,0,0,0,0,2,0,0,0,0,0,1,0,0,0,0,0,0,0,0,0,0,0,0,0,0,0,0,0,0,0,0,0,0,0,0,0,0,0,0,0,0,0,0,0,0,0,0,0,0
"GUAYAQUIL",-79.9200419532,-2.22003375357,0,2,0,0,2,0,2,0,2,0,2,2,0,0,0,2,0,2,0,0,0,0,2,2,0,2,2,2,2,2,0,0,0,0,2,0,0,0,0,2,0,0,0,2,0,0,0,0,0,0,0,0,0,0,0,2,0,0,0,0,0,1,0,0,0,0,0,0,0,0,0,0,0,0,0,0,0,0,0,0,0,0,0,0,0,0,0,0,0,0,0,0,0,0,0,0,0,0,0,0
"HAMBURG",9.99999914413,53.5500246369,0,2,0,0,4,0,2,2,3,0,3,2,3,2,0,3,3,2,2,2,2,2,0,2,2,0,0,3,2,2,2,0,0,2,3,2,3,0,0,2,0,2,0,2,2,0,4,2,0,0,0,0,2,0,2,3,2,0,2,0,0,3,0,0,0,0,0,0,0,0,0,0,3,0,0,0,3,2,0,3,0,0,0,0,0,0,3,0,0,0,0,2,0,0,0,2,0,0,2,0
"HAMILTON",-79.82999577,43.2499815054,2,2,2,0,2,0,2,2,2,0,0,2,2,3,0,2,0,2,0,0,0,0,0,0,0,2,0,0,2,0,0,0,0,0,0,0,0,0,0,0,0,0,2,0,2,0,0,0,0,0,0,0,0,0,2,0,2,0,0,0,0,3,2,2,2,2,3,0,0,0,0,0,0,0,0,0,0,0,0,0,0,0,0,0,0,0,0,0,0,0,0,0,2,0,0,0,0,0,0,0
"HANNOVER",9.716667,52.366667,0,2,0,0,0,0,0,0,3,0,0,0,0,0,0,0,2,2,0,0,0,0,0,0,0,0,0,0,0,0,0,0,0,0,2,2,2,0,0,0,0,0,0,0,0,0,3,2,0,0,0,0,0,0,0,2,0,0,0,0,0,1,0,0,0,0,0,0,0,0,0,0,0,0,0,0,0,0,0,0,0,0,0,0,0,0,0,0,0,0,0,0,0,0,0,0,0,0,0,0
"HANOI",105.8500142,21.0333272491,2,0,0,0,1,0,0,0,2,0,0,0,0,0,0,0,0,2,0,0,0,0,0,2,0,0,0,0,0,2,0,0,0,0,2,0,2,0,2,0,0,0,0,2,2,2,2,0,0,2,0,0,2,0,0,2,2,0,0,2,0,1,0,0,0,2,0,0,0,2,0,0,2,0,0,0,2,0,0,0,0,0,0,0,0,0,0,0,0,0,0,0,2,0,0,0,0,0,0,0
"HARARE",31.0447094307,-17.8177896944,3,0,0,0,0,1,0,0,2,0,0,0,2,0,0,0,0,2,2,0,0,0,2,0,2,2,2,0,2,2,0,0,0,0,0,0,0,0,0,0,0,0,0,0,2,0,0,0,0,2,0,0,0,0,2,0,0,0,0,0,0,1,0,2,0,0,2,0,0,0,0,0,0,0,0,0,0,0,0,0,0,0,0,0,0,2,0,0,0,2,0,0,2,0,0,0,0,0,0,0
"HARTFORD",-72.6799670834,41.770020161,2,2,2,2,0,0,0,0,3,2,0,0,0,0,0,0,0,2,0,0,0,0,0,0,0,0,0,0,0,0,0,0,0,0,0,0,0,2,0,0,0,0,3,0,0,0,0,0,0,0,0,0,0,0,0,3,0,0,2,0,2,0,0,0,0,2,0,0,0,0,0,0,0,0,0,0,0,0,0,0,0,0,0,3,0,0,0,2,0,0,0,0,0,0,0,0,0,0,2,0
"HAVANA",-82.3641821713,23.1319588409,0,0,0,0,0,0,0,0,0,0,0,0,2,0,0,0,0,0,0,0,0,0,0,0,0,0,0,0,0,0,0,0,0,0,0,0,0,0,0,0,0,0,0,2,0,0,0,0,0,0,0,0,0,0,0,0,0,0,0,0,0,1,0,0,0,0,3,0,0,0,0,0,0,0,0,0,0,0,0,0,0,0,0,0,0,0,0,0,0,0,0,0,0,0,0,0,0,0,0,0
"HELSINKI",24.9341263415,60.175563374,2,2,2,0,0,2,2,2,2,0,0,2,2,2,0,2,2,3,2,0,0,0,2,2,2,2,2,2,3,2,2,0,0,1,0,0,0,0,0,0,2,0,0,2,0,0,0,0,0,0,0,0,0,0,0,2,0,2,0,0,0,1,0,0,0,0,0,0,0,0,0,0,0,0,0,0,2,0,0,0,0,0,0,0,0,0,0,0,0,2,0,2,2,2,2,2,0,2,2,2
"HO CHI MINH CITY",106.695027221,10.7800254506,2,2,0,0,1,0,2,0,2,0,0,0,0,0,0,0,0,2,0,0,2,0,3,2,2,2,2,0,2,2,0,0,3,0,2,0,2,0,2,0,0,2,0,2,2,0,0,0,0,3,2,0,2,2,2,0,2,0,0,2,0,1,2,0,0,2,0,0,0,2,0,0,2,0,0,0,2,0,0,2,0,0,0,0,0,0,0,0,0,2,0,0,0,0,0,0,0,0,0,0
"HOBART",147.295029662,-42.8500085259,0,0,0,0,1,0,0,2,2,0,3,2,2,0,0,2,0,2,0,2,0,0,0,0,0,0,0,2,0,0,0,0,0,0,0,0,0,0,0,0,0,0,0,0,0,0,0,0,0,0,0,0,0,0,0,0,0,0,0,0,0,0,0,2,0,2,0,0,0,0,0,0,0,0,0,0,0,0,0,0,0,0,0,0,0,0,0,0,0,0,0,0,0,0,0,0,0,0,0,0
"HONG KONG",114.185009317,22.304980895,0,2,0,3,2,4,4,4,4,0,2,2,3,2,2,2,2,2,2,2,2,3,4,2,4,4,2,4,2,3,2,0,3,4,4,3,4,4,2,3,2,2,3,4,4,3,2,2,3,3,4,3,4,4,3,3,3,2,2,3,4,4,4,3,2,2,2,2,0,3,3,2,3,3,2,3,3,2,2,3,2,2,3,3,2,2,3,0,2,3,3,2,2,2,2,2,2,0,2,0
"HONOLULU",-157.857997886,21.3068764435,2,2,0,0,0,0,1,3,3,0,0,0,0,0,0,2,0,2,0,0,0,0,0,0,0,0,2,0,0,0,0,0,0,0,0,0,0,2,3,0,0,0,0,0,0,0,0,0,0,0,0,0,0,0,0,0,0,0,0,0,2,1,0,0,0,0,0,0,0,0,0,0,0,0,0,0,0,0,0,0,0,0,0,0,0,2,0,0,0,0,0,0,0,0,0,0,0,0,0,0
"HOUSTON",-95.3399792905,29.8199743846,0,2,0,0,3,0,1,2,3,2,3,2,2,0,0,3,0,2,0,0,0,0,0,0,0,0,0,2,2,2,0,2,0,2,0,0,2,2,2,2,2,0,2,0,0,4,0,0,0,2,2,2,2,0,2,2,0,0,2,0,2,1,0,2,0,2,3,0,0,2,0,0,0,0,0,0,0,0,0,0,2,0,0,2,2,2,0,3,0,0,0,0,0,2,0,2,0,0,2,0
"HYDERABAD",78.4799535715,17.3999831329,2,0,0,0,1,0,0,0,0,0,0,2,0,0,0,0,0,2,0,0,0,0,0,0,2,0,2,2,2,0,0,0,0,0,0,0,0,0,2,0,0,0,0,0,0,0,0,0,0,0,0,0,0,0,2,0,0,0,0,0,0,0,0,0,0,0,0,0,0,0,0,0,0,0,0,0,0,0,0,0,0,0,0,0,0,0,0,0,0,0,0,0,0,0,0,0,0,0,0,0
"INDIANAPOLIS",-86.1700480568,39.7499884227,2,2,0,0,2,0,0,0,3,0,4,4,3,0,0,0,0,2,0,2,0,0,0,0,0,0,0,0,0,0,0,0,0,0,0,0,0,2,0,2,0,0,0,0,0,0,0,0,0,0,0,0,0,0,0,2,0,0,2,0,2,0,2,3,0,0,0,0,0,0,0,0,0,0,0,0,0,0,0,0,0,0,0,2,0,0,0,0,0,0,0,0,0,0,0,0,0,0,2,0
"ISLAMABAD",73.1666344797,33.6999959503,0,0,0,0,1,0,0,0,2,0,2,0,2,0,0,0,0,2,0,0,0,0,2,0,0,0,2,2,2,0,0,0,0,0,0,0,2,0,0,2,0,0,0,0,0,0,0,0,0,2,0,0,0,0,2,2,0,0,0,0,0,0,0,0,0,0,0,0,0,0,0,0,0,0,0,0,0,0,0,0,0,0,0,0,0,0,0,0,0,0,0,0,2,0,0,0,0,0,0,0
"ISTANBUL",29.0100015856,41.1049961538,0,3,2,0,2,3,2,2,3,0,2,2,2,2,2,0,2,2,2,0,0,0,2,2,2,2,2,3,3,2,0,0,0,2,3,2,2,2,4,2,2,2,0,2,3,0,0,0,2,2,0,2,2,0,4,2,3,0,0,0,0,1,2,0,0,0,0,0,0,0,0,0,0,0,0,0,2,0,0,0,0,0,0,0,0,0,0,0,0,3,0,0,2,0,2,2,0,0,2,0
"JAIPUR",75.8099873443,26.9211332387,0,0,0,0,0,0,0,0,0,0,0,2,2,0,0,0,0,0,0,0,0,0,0,0,0,0,0,0,0,0,0,0,0,0,0,0,0,0,0,0,0,0,0,0,0,0,0,0,0,0,0,0,0,0,0,0,0,0,0,0,0,0,0,0,0,0,0,0,0,0,0,0,0,0,0,0,0,0,0,0,0,0,0,0,0,0,0,0,0,0,0,0,0,0,0,0,0,0,0,0
"JAKARTA",106.829437621,-6.17441770541,0,2,0,0,2,2,3,2,3,2,2,2,3,2,2,2,0,2,0,2,0,0,3,2,2,0,2,2,2,2,2,0,2,2,2,2,2,3,4,3,2,3,0,3,2,2,0,2,2,3,4,2,3,4,2,3,2,0,0,2,0,2,0,3,0,0,0,0,0,2,0,0,0,0,0,0,0,0,0,0,0,0,2,0,2,2,0,0,2,3,0,2,2,2,2,2,0,0,2,0
"JEDDAH",39.2191975492,21.5168894643,2,2,0,0,1,0,2,2,2,2,0,2,2,2,0,0,2,2,0,0,0,0,2,2,2,0,2,2,2,2,2,0,0,0,0,0,0,0,0,3,0,0,0,0,0,0,0,0,0,2,0,0,0,0,0,3,0,0,0,0,0,1,0,2,0,2,0,0,0,0,0,0,0,0,0,0,2,0,0,0,0,0,0,0,0,0,0,0,0,2,0,0,0,0,0,0,0,0,0,0
"JERUSALEM",35.2066259346,31.7784078156,0,2,0,0,0,0,0,0,2,0,0,0,2,0,0,0,0,0,0,0,0,2,0,0,0,0,0,0,0,0,0,0,0,0,0,0,0,0,0,0,0,0,0,0,0,0,0,0,0,0,0,0,0,0,0,0,0,0,0,0,0,0,0,0,0,0,0,0,0,0,0,0,0,0,0,0,0,0,0,0,0,0,0,0,0,0,0,0,0,0,0,0,0,0,0,0,0,0,0,0
"JOHANNESBURG",28.0300097236,-26.17004474,2,2,0,0,0,3,2,2,0,0,2,2,3,3,2,2,0,2,2,0,0,0,0,2,4,2,2,3,3,2,0,2,0,2,3,2,2,0,2,2,2,2,0,2,3,0,2,2,0,3,0,2,2,0,0,2,2,0,0,0,3,3,3,3,0,0,2,2,0,0,0,0,0,0,0,0,2,1,0,0,0,0,0,0,0,0,2,0,0,3,0,0,2,0,2,2,2,2,2,2
"KABUL",69.1832600493,34.5166902863,0,0,0,0,0,0,0,0,0,0,0,0,0,0,0,0,0,0,0,0,0,0,0,0,0,0,0,0,0,0,0,0,0,0,0,0,0,0,0,0,0,0,0,0,0,0,0,0,0,0,0,0,0,0,0,0,0,0,0,0,0,1,0,0,0,0,0,0,0,0,0,0,0,0,0,0,0,0,0,0,0,0,0,0,0,0,0,0,0,0,0,0,0,0,0,0,0,0,0,0
"KAMPALA",32.5833235257,0.31665895477,0,0,0,0,0,0,0,0,2,0,0,0,2,0,0,0,0,2,0,0,0,0,0,0,2,2,2,0,2,2,0,0,0,0,0,0,0,0,0,0,0,0,0,0,2,0,0,0,0,0,0,0,0,0,2,2,0,0,0,0,0,1,2,0,0,0,0,0,0,0,0,0,0,0,0,0,0,0,0,0,0,0,0,0,0,0,0,0,0,2,0,0,2,0,0,0,0,0,0,0
"KANSAS CITY",-94.6301463771,39.1135805169,2,2,0,0,0,0,1,2,3,0,3,4,0,0,0,0,0,2,0,2,0,0,0,0,0,0,0,0,0,2,0,0,0,0,0,0,0,2,0,2,0,0,0,0,0,0,0,0,0,0,0,0,0,0,0,2,0,0,2,0,2,1,2,0,0,3,0,0,0,0,0,0,0,0,0,0,0,0,0,0,0,0,0,0,0,0,0,0,0,0,0,0,0,2,0,0,0,0,2,0
"KARACHI",66.99000891,24.8699922882,0,0,0,0,1,2,2,0,3,0,2,2,3,0,0,0,0,2,0,0,0,0,3,2,2,2,2,2,2,2,0,0,0,0,0,0,2,0,0,2,0,0,0,0,0,0,0,0,0,2,0,0,2,0,2,2,2,0,0,0,0,1,0,2,0,2,0,0,0,0,0,0,0,0,0,0,0,0,0,0,0,0,0,0,0,0,0,0,0,2,0,0,0,0,0,0,0,0,0,0
"KAWASAKI",139.705001993,35.5299876089,0,0,0,0,0,0,0,0,0,0,0,0,0,0,0,0,0,0,0,0,0,0,0,0,0,0,0,0,0,0,0,0,0,0,0,0,0,0,0,0,0,0,0,0,0,2,0,0,0,2,2,0,2,2,0,0,0,0,0,0,0,0,0,0,0,0,0,0,0,0,0,0,0,0,0,0,0,0,0,0,0,0,0,0,0,0,0,0,0,0,0,0,0,0,0,0,0,0,0,0
"KHARTOUM",32.5341792386,15.5880782257,0,0,0,0,0,0,0,0,0,0,0,0,0,0,0,0,2,2,0,0,0,0,0,0,0,0,0,0,0,0,0,0,0,0,0,0,0,0,0,0,0,0,0,0,0,0,0,0,0,0,0,0,0,0,0,0,0,0,0,0,0,1,0,0,0,0,0,0,0,0,0,0,0,0,0,0,0,0,0,0,0,0,0,0,0,0,0,0,0,0,0,0,0,0,0,0,0,0,0,0
"KIEV",30.5166279691,50.433367329,2,2,0,0,1,0,2,0,2,0,0,0,0,2,0,2,0,2,0,0,0,0,0,2,0,2,2,2,2,2,0,0,0,2,0,2,2,0,2,0,2,2,0,2,0,0,0,0,0,2,0,0,0,0,0,2,0,0,0,0,0,0,0,0,0,0,0,0,0,2,0,0,0,0,0,0,0,1,0,0,0,0,0,0,0,0,0,0,0,0,0,0,2,0,0,0,0,0,0,0
"KINGSTON",-76.7674337137,17.9770766238,0,0,0,0,0,0,2,0,2,0,0,0,0,0,0,2,0,2,0,0,0,0,0,0,2,0,2,0,2,2,0,0,0,0,0,0,0,0,0,0,0,0,0,0,0,0,0,0,0,0,0,0,0,0,0,2,0,0,0,0,0,1,0,0,0,2,3,0,0,0,0,0,0,0,0,0,0,0,0,0,0,0,0,0,0,2,0,0,0,3,0,0,2,0,0,0,0,0,0,0
"KINSHASA",15.3149718818,-4.32972410189,0,0,0,0,0,0,0,0,0,0,0,0,0,0,0,0,0,2,0,0,0,0,0,0,0,0,0,0,0,0,0,0,0,0,2,0,0,0,0,0,0,0,0,0,0,0,0,0,0,0,0,0,0,0,0,2,0,0,0,0,0,1,2,0,0,0,0,0,0,0,0,0,0,0,0,0,0,0,0,0,0,0,0,0,0,0,0,0,0,1,0,0,0,0,0,0,0,0,0,0
"KOBE",135.195556,34.69,0,0,0,0,0,0,0,0,2,0,0,0,0,0,0,0,0,2,0,0,0,0,0,0,0,0,0,0,0,0,0,0,0,0,0,0,0,0,0,0,0,0,0,0,0,2,0,0,0,2,2,0,2,2,0,0,0,0,0,0,0,1,0,0,0,0,0,0,0,0,0,0,0,0,0,0,0,0,0,0,0,0,0,0,0,0,0,0,0,0,0,0,0,0,0,0,0,0,0,0
"KRAKOW",19.937222,50.061389,0,0,0,0,0,0,0,0,2,0,0,0,0,0,0,0,0,0,0,0,0,0,0,0,0,0,0,0,0,0,0,0,0,0,0,0,0,0,0,0,0,0,0,0,0,0,3,0,0,0,0,0,0,0,0,0,0,0,0,0,0,0,2,0,0,0,0,0,0,0,0,0,0,0,0,0,0,0,0,0,0,0,0,0,0,0,0,0,0,0,0,0,0,0,0,0,0,0,0,0
"KUALA LUMPUR",101.699983275,3.1666658721,0,2,0,2,2,2,2,2,3,0,2,2,2,2,0,2,0,2,2,0,2,2,3,2,2,0,2,2,3,3,0,0,3,0,2,0,3,3,0,2,2,2,0,2,3,2,0,0,2,3,2,0,3,2,4,2,2,0,0,2,0,1,0,3,0,2,0,0,0,0,0,0,0,0,0,0,0,0,0,0,0,0,0,2,2,2,3,0,2,3,0,2,2,0,2,2,0,0,2,0
"KUWAIT",47.978333,29.369722,2,2,0,2,1,2,2,2,2,0,0,0,0,0,2,2,2,2,0,0,0,0,2,2,2,0,2,2,2,2,0,0,0,0,0,0,0,0,0,0,0,0,2,0,0,0,0,0,0,2,0,0,0,0,0,0,0,0,0,0,0,1,0,2,0,0,0,0,0,0,0,0,0,0,0,0,0,0,0,0,0,0,0,0,0,0,0,0,0,2,0,0,2,0,0,0,0,0,0,0
"KYOTO",135.749997924,35.0299922882,0,2,0,0,0,0,0,0,2,0,0,0,0,0,0,0,0,2,0,0,2,0,0,0,0,0,0,0,0,0,0,0,0,0,0,0,0,0,0,0,0,0,0,0,0,2,0,0,0,2,2,0,2,2,0,0,0,0,0,0,0,0,0,0,0,0,0,0,0,0,0,0,0,0,0,0,0,0,0,0,0,0,0,0,0,0,0,0,0,0,0,0,0,0,0,0,0,0,0,0
"LA PAZ",-68.1499851905,-16.4979736137,0,0,0,0,2,2,2,0,2,0,0,2,0,0,2,2,2,2,0,0,0,0,0,0,0,0,0,0,2,2,0,0,0,0,2,0,0,0,0,0,0,0,0,0,0,0,0,0,0,0,0,0,0,0,0,2,0,0,0,0,0,1,0,0,0,0,0,0,0,0,0,0,0,0,0,0,0,0,0,0,0,0,0,0,0,0,0,0,0,2,0,0,0,0,0,0,0,0,0,0
"LABUAN",115.211228,5.320322,0,2,0,0,0,0,0,0,2,0,0,0,0,0,0,0,0,2,0,0,0,0,0,0,0,0,0,0,0,0,0,0,0,0,2,2,2,2,2,0,2,2,0,0,3,2,0,2,2,3,2,2,2,3,2,0,0,0,0,0,0,0,0,0,0,0,0,0,0,0,0,0,0,0,0,0,0,0,0,0,0,0,0,0,0,0,0,0,0,0,0,0,0,0,0,0,0,0,0,0
"LAGOS",3.39153107121,6.44326165348,3,0,0,0,1,2,0,2,2,0,0,2,2,0,0,2,0,2,0,0,0,0,0,2,2,2,2,0,2,2,0,0,0,0,0,0,2,2,0,0,0,0,0,0,0,0,0,0,0,0,0,0,0,0,0,2,0,0,0,0,0,1,0,0,0,0,0,0,0,0,0,0,0,0,0,0,0,0,0,0,0,0,0,0,0,0,0,0,0,0,0,0,2,0,0,0,0,0,2,0
"LAHORE",74.3500247792,31.5599715363,0,0,0,0,1,0,0,2,2,0,2,0,2,0,2,0,0,2,0,0,0,0,2,0,0,0,2,0,2,2,0,0,0,0,0,0,2,0,0,2,0,0,0,0,0,0,0,0,0,2,0,0,0,0,2,2,0,0,0,0,0,0,0,0,0,0,0,0,0,0,0,0,0,0,0,0,0,0,0,0,0,0,0,0,0,0,0,0,0,0,0,0,0,0,0,0,0,0,0,0
"LAS VEGAS",-115.220006146,36.2099977814,0,2,0,0,0,0,0,2,3,0,2,0,0,0,0,0,0,2,0,0,0,0,0,0,0,0,0,0,0,2,0,0,0,0,0,0,0,2,2,0,0,0,0,0,0,0,0,0,0,0,0,0,0,0,0,2,0,0,2,0,2,0,0,0,0,0,0,0,0,0,0,0,0,0,0,0,0,0,0,0,0,0,0,0,0,0,0,0,0,0,0,0,0,0,0,0,0,0,0,0
"LAUSANNE",6.65002274438,46.5304272655,2,2,2,0,2,0,0,0,2,0,0,0,0,0,0,0,0,2,0,0,0,0,0,0,0,0,0,0,0,0,0,0,0,0,0,0,0,0,0,0,0,0,2,2,0,0,0,0,0,0,0,0,0,0,0,0,2,0,0,0,0,3,0,2,0,0,0,0,0,0,0,0,0,0,0,0,0,0,0,0,0,0,0,0,0,0,0,0,0,0,0,0,0,0,0,0,0,0,0,0
"LEEDS",-1.58001753886,53.8300075471,2,2,0,0,0,0,2,2,2,0,3,2,3,0,0,2,0,2,0,3,0,0,0,0,0,0,0,0,0,0,0,0,0,0,0,0,0,0,0,0,0,0,0,0,2,0,0,0,0,0,0,0,0,0,2,0,0,0,2,0,0,1,0,2,0,0,0,0,0,0,0,0,0,0,0,0,0,0,0,0,0,0,0,0,0,0,0,0,0,0,0,0,0,0,0,0,0,0,0,0
"LEIPZIG",12.4099812405,51.3354052929,0,2,0,3,2,0,0,0,3,0,3,0,0,0,0,2,0,2,0,0,0,2,0,0,0,0,0,0,0,0,0,0,0,2,2,2,0,0,0,0,0,0,0,0,0,0,3,0,0,0,0,0,0,0,0,2,0,0,0,0,0,1,0,0,0,0,0,0,0,0,2,0,2,0,0,2,0,2,0,0,0,0,0,0,0,0,0,0,0,0,0,0,0,0,0,0,0,0,0,0
"LIEGE",5.566667,50.633333,0,0,0,0,0,0,0,0,0,0,0,0,0,0,0,0,0,2,0,0,0,0,0,0,0,0,0,0,0,0,0,0,0,0,0,0,0,0,0,2,0,0,0,0,0,0,0,0,0,0,0,0,0,0,0,0,0,0,0,0,3,0,0,0,0,0,0,0,0,0,0,0,0,0,0,0,0,0,0,0,0,0,0,0,0,0,0,0,0,0,0,0,0,0,0,0,0,0,0,0
"LILLE",3.08000809593,50.6499690949,0,0,0,0,0,0,0,0,3,0,3,1,2,0,0,2,3,2,0,2,0,0,0,0,0,0,0,0,0,0,0,0,0,0,0,0,0,0,2,2,0,0,0,0,0,0,0,0,0,0,0,0,0,0,0,0,0,0,0,0,0,1,2,2,0,0,0,0,0,0,0,0,0,0,0,0,0,0,0,0,0,0,0,0,0,0,2,0,0,0,0,0,0,0,0,0,0,0,0,0
"LIMA",-77.0500620948,-12.0480126761,0,2,0,0,2,2,2,2,3,2,3,2,0,2,0,2,2,2,0,2,0,0,2,0,2,2,0,2,2,2,0,0,0,0,2,0,0,0,2,0,0,0,0,2,0,0,0,0,0,0,0,2,0,0,0,2,0,0,0,0,0,1,0,0,0,0,0,0,0,0,0,0,0,0,0,0,0,0,0,0,0,0,0,0,0,0,0,0,0,2,0,0,2,2,0,0,0,0,0,0
"LIMASSOL",33.0333218981,34.6754144481,0,0,0,2,2,0,0,0,2,0,2,2,0,2,0,2,0,2,0,0,0,0,0,0,0,0,0,0,0,0,0,0,0,0,0,0,0,0,2,0,2,0,0,0,0,0,0,0,0,0,0,0,0,0,3,0,0,0,0,0,0,1,0,0,0,0,0,0,0,0,0,0,0,0,0,0,0,0,0,0,0,0,0,0,0,0,0,0,0,0,0,0,2,0,0,0,0,0,0,0
"LINZ",14.2887812893,48.3192328075,2,0,0,0,0,0,0,0,2,0,0,0,0,0,0,0,0,2,0,0,0,0,0,0,0,0,0,0,0,0,0,0,0,0,0,0,0,0,0,0,0,0,0,0,0,0,2,0,0,0,0,0,0,0,0,0,0,0,0,0,0,0,0,0,0,0,0,0,0,0,0,0,0,0,0,0,0,0,0,0,0,0,0,0,0,0,0,0,0,0,0,0,0,0,0,0,0,0,0,0
"LISBON",-9.14486630549,38.7227228779,2,2,0,0,2,2,2,2,2,0,2,2,2,2,2,2,3,2,3,0,0,2,3,2,2,2,0,3,4,3,3,0,0,0,3,0,2,2,3,2,0,0,0,0,2,0,2,0,0,0,0,0,2,0,0,2,2,0,0,0,0,3,2,2,0,2,0,0,0,0,0,0,0,0,0,0,0,0,0,0,0,0,0,2,0,2,2,0,2,3,2,2,2,0,2,2,0,0,2,2
"LIVERPOOL",-2.91799788554,53.4160018098,2,0,0,2,0,0,0,0,2,0,0,0,2,2,0,2,0,2,0,0,0,0,0,0,0,0,0,0,0,0,0,0,0,0,0,0,0,0,0,0,0,0,0,0,2,0,0,0,0,0,0,0,0,0,2,0,0,0,0,0,0,0,0,2,0,0,0,0,0,0,0,0,0,0,0,0,0,0,0,0,0,0,0,0,0,0,2,0,0,0,0,0,0,0,0,0,0,0,0,0
"LJUBLJANA",14.5149690335,46.0552883088,2,0,0,0,2,0,2,0,2,0,0,0,0,0,0,0,0,2,0,0,0,0,0,2,0,2,2,2,2,2,0,0,0,0,0,0,0,0,0,0,0,0,0,0,0,0,0,2,0,0,0,0,0,0,0,0,0,0,0,0,0,1,0,0,0,0,0,0,0,0,0,0,0,0,0,0,0,0,0,0,0,0,0,0,0,0,0,0,2,2,0,0,2,0,0,0,0,0,0,0
"LOME",1.222778,6.131944,0,0,0,0,0,0,0,0,0,0,2,0,0,0,0,0,2,0,0,0,0,0,0,0,0,0,0,0,0,2,0,0,0,0,2,0,0,0,0,0,0,0,0,0,0,0,0,0,0,0,0,0,0,0,0,0,0,0,0,0,0,0,0,0,0,0,0,0,0,0,0,0,0,0,0,0,0,0,0,0,0,0,0,0,0,0,0,0,0,0,0,0,0,0,0,0,0,0,0,0
"LONDON",-0.11672184386,51.4999947297,3,3,5,2,5,3,4,4,4,4,5,5,5,5,5,5,3,4,3,4,2,3,4,4,4,5,2,4,4,4,4,3,3,4,4,2,4,4,3,3,5,4,3,4,5,4,2,2,3,4,3,4,4,4,5,4,5,4,4,5,4,3,4,5,3,5,5,3,3,5,5,2,5,5,2,5,3,5,2,5,2,3,3,4,5,5,5,4,2,0,3,2,3,2,2,4,4,3,2,2
"LOS ANGELES",-118.179980511,33.9899782502,3,3,2,3,4,0,2,2,3,0,4,3,3,2,2,3,4,2,0,3,0,0,0,2,3,2,2,4,2,3,0,2,2,2,2,2,3,3,2,2,2,0,2,2,2,3,0,0,3,3,4,4,2,4,2,3,2,0,4,0,2,3,2,3,3,2,3,5,3,0,0,3,0,0,2,0,2,0,4,0,2,4,3,3,0,3,0,5,2,0,0,2,0,2,2,3,3,0,2,0
"LUANDA",13.2344270413,-8.83828611363,1,0,0,0,0,0,0,0,2,0,0,0,0,0,0,0,0,2,0,0,0,0,0,0,0,0,0,0,0,0,0,0,0,0,0,0,0,0,0,0,0,0,0,0,0,0,0,0,0,2,0,0,0,0,2,2,0,0,0,0,0,1,0,0,0,0,0,0,0,0,0,0,0,0,0,0,0,0,0,0,0,0,0,0,0,0,0,0,0,2,0,0,2,0,0,0,0,0,0,0
"LUCKNOW",80.9149987375,26.8550390818,0,0,0,0,0,0,0,0,0,0,0,0,0,0,0,0,0,0,0,0,0,0,0,0,0,0,0,0,0,0,0,0,0,0,0,0,0,0,0,0,0,0,0,0,0,0,0,0,0,0,0,0,0,0,0,0,0,0,0,0,0,0,0,0,0,0,0,0,0,0,0,0,0,0,0,0,0,0,0,0,0,0,0,0,0,0,0,0,0,0,0,0,0,0,0,0,0,0,0,0
"LUSAKA",28.2833275947,-15.4166442679,0,0,0,0,0,0,2,0,2,0,0,2,0,0,0,2,0,2,0,0,0,0,2,0,2,2,2,0,2,0,0,0,0,0,0,0,0,0,0,0,0,0,0,0,2,0,0,0,0,2,0,0,0,0,2,2,0,0,0,0,0,1,0,0,0,0,0,0,0,0,0,0,0,0,0,0,0,0,0,0,0,0,0,0,0,0,0,0,0,2,0,0,2,0,0,0,0,0,0,0
"LUXEMBOURG",6.13000280623,49.6116603791,0,2,0,0,2,2,2,0,3,0,2,2,2,2,2,3,2,2,0,0,0,0,0,0,0,0,0,0,0,0,0,0,0,3,3,2,2,4,2,3,0,0,2,0,2,3,2,3,2,0,0,0,2,2,2,2,3,2,0,0,0,2,4,2,0,0,0,0,0,0,3,0,0,2,0,2,0,0,0,0,0,0,0,0,2,0,0,0,0,0,0,0,2,0,0,0,0,0,0,0
"LYON",4.83003047549,45.7700085643,0,2,0,0,2,0,0,0,3,0,3,3,3,2,0,3,5,3,0,0,0,0,0,0,0,0,0,0,2,0,2,0,0,0,0,0,2,0,2,2,0,0,0,0,0,0,0,0,0,0,0,0,0,0,0,0,0,0,2,0,0,2,0,2,0,0,0,0,0,0,0,0,0,0,0,0,0,0,0,0,0,0,0,0,0,0,2,0,0,0,0,0,0,0,0,0,0,0,2,2
"MACAU",113.54504838,22.2029974558,0,0,0,0,1,1,0,0,2,0,0,0,0,0,0,0,0,2,0,0,0,0,0,0,0,0,0,0,0,0,0,0,0,0,0,0,0,0,2,0,0,0,0,0,0,0,0,0,0,0,0,0,0,0,2,0,0,0,0,0,0,0,0,0,0,0,0,0,0,0,0,0,0,0,0,0,0,0,0,0,0,0,0,0,0,0,0,0,0,2,0,0,2,0,0,0,0,0,0,0
"MADRID",-3.683351686,40.4000262645,2,2,2,0,3,3,2,3,2,0,2,4,2,2,0,2,3,3,2,2,0,2,3,2,2,2,2,3,3,4,0,2,2,3,3,2,3,2,4,3,2,2,2,3,3,0,2,0,0,3,0,3,3,0,4,3,3,2,2,0,3,1,0,3,0,3,0,0,0,0,2,2,2,2,0,2,0,0,0,0,0,0,0,2,0,2,4,2,2,3,2,2,2,2,2,4,3,0,3,2
"MAINZ",8.2732191555,49.982472455,0,0,0,0,0,0,0,0,2,0,0,0,0,0,0,0,2,2,0,0,0,0,0,0,0,0,0,0,0,0,0,0,0,2,0,2,2,0,0,0,0,0,0,0,0,0,2,0,0,0,0,0,0,0,0,0,0,0,0,0,0,1,0,0,0,0,0,0,0,0,0,0,0,0,0,0,0,0,0,0,0,0,0,0,0,0,2,0,0,0,0,0,0,0,0,0,0,0,0,0
"MALACCA",102.25,2.2,0,0,0,0,0,0,0,2,0,0,0,0,0,0,0,0,0,0,0,0,0,0,0,0,0,0,0,0,0,0,0,0,0,0,0,0,0,0,0,0,0,0,0,0,0,0,0,0,0,0,0,0,0,0,2,0,0,0,0,0,0,0,0,2,0,0,0,0,0,0,0,0,0,0,0,0,0,0,0,0,0,0,0,0,0,0,0,0,0,0,0,0,0,0,0,0,0,0,0,0
"MALMO",13.035833,55.605833,0,2,0,0,2,0,0,2,2,0,0,2,0,0,0,2,0,0,0,0,0,0,0,0,2,0,0,0,2,2,0,0,0,0,0,0,0,0,0,0,0,0,0,0,0,0,0,0,0,0,0,0,0,0,0,0,0,2,0,0,0,1,0,0,0,0,0,0,0,0,0,0,0,0,0,2,0,0,0,0,0,0,0,0,0,0,2,0,0,0,0,0,0,2,0,0,0,0,0,2
"MANAGUA",-86.2684916603,12.1530165801,0,0,0,0,1,0,2,0,2,0,0,0,0,0,0,0,0,2,0,0,0,0,2,0,2,0,2,2,0,2,0,0,0,0,0,0,0,0,0,0,0,0,0,0,0,0,0,0,0,0,0,0,0,0,0,0,0,0,0,0,0,1,0,0,0,0,0,0,0,0,0,0,0,0,0,0,0,0,0,0,0,0,0,0,0,0,0,0,0,0,0,0,2,0,0,0,0,0,0,0
"MANAMA",50.5830517159,26.2361362905,2,0,0,0,2,0,0,2,2,0,0,0,2,0,0,2,2,2,0,0,0,0,0,0,0,0,2,0,2,0,0,0,0,0,0,2,2,2,3,2,0,0,3,2,0,2,0,0,2,3,2,0,2,2,2,2,0,0,0,0,0,0,0,3,0,0,0,0,0,2,0,0,0,0,0,0,0,0,0,0,0,0,0,0,0,0,0,0,0,2,0,0,2,0,0,0,0,0,0,0
"MANAUS",-60.0000175391,-3.10003171907,0,0,0,0,0,0,0,0,0,0,0,0,0,2,0,0,0,0,0,0,0,0,0,0,0,0,0,0,0,0,0,0,0,0,0,0,0,0,0,3,0,0,0,0,0,0,0,0,0,0,0,0,0,0,0,0,0,0,0,0,0,1,0,0,0,0,0,0,0,0,0,0,0,0,0,0,0,0,0,0,0,0,0,0,0,0,0,0,0,0,0,0,0,0,0,0,0,0,0,0
"MANCHESTER",-2.24798710266,53.5004152619,2,2,0,2,2,0,0,2,2,2,3,1,2,2,0,2,0,2,0,2,0,0,0,0,0,0,0,0,2,3,0,0,0,0,0,0,0,0,0,0,2,0,0,0,2,0,0,0,0,0,0,0,0,0,2,0,0,0,2,0,0,1,0,2,0,0,0,0,0,0,0,0,0,0,0,0,0,0,0,0,0,0,0,0,2,0,3,0,0,0,0,0,0,0,0,0,0,0,2,0
"MANILA",120.982217162,14.6041589548,2,3,2,0,1,2,2,2,2,0,2,2,0,2,2,2,0,2,2,0,2,1,3,2,2,2,2,2,2,3,0,0,0,0,2,0,2,2,2,2,2,0,0,3,2,2,0,0,2,3,2,2,2,2,2,2,2,0,0,2,0,1,0,3,0,2,0,0,0,3,0,0,0,0,0,0,0,0,0,0,0,0,0,0,0,2,0,0,2,3,0,0,2,0,0,2,0,0,2,0
"MANNHEIM",8.47001501327,49.5003751822,0,0,0,0,0,0,0,0,2,0,0,0,0,0,0,0,2,0,0,0,0,0,0,0,0,0,0,0,0,0,0,0,0,0,2,2,2,0,0,0,0,0,0,0,0,0,2,2,0,0,0,0,0,0,0,0,0,0,0,0,0,0,0,0,0,0,0,0,0,0,0,0,0,0,0,0,0,0,0,0,0,0,0,0,0,0,0,0,0,0,0,0,0,0,0,0,0,0,0,0
"MAPUTU",32.583333,-25.966667,0,0,0,0,0,2,2,0,2,0,0,0,0,0,0,0,0,2,0,0,0,0,0,0,2,2,2,0,2,2,0,0,0,0,0,0,0,0,0,0,0,0,0,0,0,0,0,0,0,2,0,0,0,0,2,0,0,0,0,0,0,1,0,0,0,0,0,0,0,0,0,0,0,0,0,0,0,0,0,0,0,0,0,0,0,0,0,0,0,0,0,0,2,0,0,0,0,0,0,0
"MARSEILLE",5.37501013044,43.289979064,0,0,2,2,2,0,0,0,3,0,3,1,2,0,0,2,2,2,0,2,0,0,0,0,0,0,0,0,0,0,0,0,0,0,2,0,2,0,2,2,0,0,0,0,0,0,0,0,0,0,0,0,0,0,0,0,0,0,0,0,0,1,2,2,0,0,0,0,0,0,0,0,0,0,0,0,0,0,0,0,0,0,0,0,0,0,2,0,0,0,0,0,0,0,0,0,0,0,0,0
"MEDAN",98.6500402415,3.57997397757,0,2,0,0,0,0,0,0,2,0,0,0,0,0,0,0,0,0,0,0,0,0,0,0,0,0,0,0,0,0,0,0,0,0,0,0,0,0,0,0,0,0,0,0,0,0,0,0,0,2,0,0,0,0,0,0,0,0,0,0,0,0,0,2,0,0,0,0,0,0,0,0,0,0,0,0,0,0,0,0,0,0,0,0,0,0,0,0,0,0,0,0,0,0,0,0,0,0,0,0
"MEDELLIN",-75.590556,6.230833,0,2,0,0,1,0,0,0,2,0,0,0,0,2,0,2,0,2,0,0,0,0,0,0,0,0,0,2,2,0,0,0,0,0,0,0,0,0,0,2,0,0,0,0,0,0,0,0,0,0,0,0,0,0,0,0,0,0,2,0,0,0,0,0,0,2,0,0,0,0,0,0,0,0,0,0,0,0,0,0,0,0,0,0,0,0,0,0,0,0,0,0,0,0,0,0,0,0,0,0
"MELBOURNE",144.975016235,-37.8200313123,2,2,3,0,2,0,2,2,3,2,3,3,3,2,2,2,0,2,2,3,2,0,3,2,3,0,3,4,2,3,0,2,0,0,2,2,0,2,0,2,2,0,2,2,2,0,0,0,0,2,2,3,2,2,3,2,0,0,2,0,0,3,2,2,0,3,0,0,0,3,0,0,0,0,0,0,0,0,0,0,0,0,0,3,2,2,0,0,2,0,0,2,0,2,2,2,3,0,2,0
"MEXICO CITY",-99.1309882017,19.4424424428,2,2,2,2,3,2,2,2,3,0,2,3,3,4,2,3,0,2,2,2,0,0,0,2,2,2,2,2,2,3,0,2,0,2,2,2,0,2,2,2,2,2,0,0,3,2,2,2,0,3,2,3,2,2,2,2,2,2,2,3,0,3,0,0,2,0,3,0,0,2,0,0,0,0,0,0,2,0,0,0,0,0,2,3,0,2,0,0,3,2,2,2,2,2,2,2,2,0,0,0
"MIAMI",-80.2241060808,25.7876106964,2,2,3,2,1,0,4,4,3,0,3,3,0,2,2,3,0,2,3,3,0,0,4,0,4,4,2,4,3,2,0,0,0,0,2,0,2,2,2,2,0,0,2,0,3,0,0,0,0,0,0,3,2,0,3,4,0,4,4,0,2,1,3,0,0,0,0,0,3,2,0,0,0,0,0,0,3,0,0,0,0,0,0,4,0,2,0,0,0,0,0,0,0,2,2,2,0,0,2,0
"MILAN",9.20500890976,45.4699751984,0,3,2,2,3,2,2,2,2,2,4,2,3,3,0,2,3,3,2,3,0,2,3,3,2,2,2,3,3,4,0,0,0,3,2,3,4,2,4,3,2,2,3,2,3,0,2,2,0,2,0,2,3,0,3,2,3,2,2,0,0,3,3,3,0,3,2,0,0,2,2,0,2,3,0,3,0,0,0,0,0,0,2,3,2,2,2,2,2,2,3,2,2,2,2,4,2,2,2,2
"MINNEAPOLIS",-93.2517863381,44.9799792674,2,2,0,2,0,0,1,0,3,3,4,2,3,0,0,0,0,2,0,2,0,0,0,0,0,0,0,2,0,0,0,5,0,0,0,0,0,2,0,2,0,0,0,2,0,0,0,0,0,0,0,0,2,0,2,3,2,0,2,0,2,0,3,0,0,2,0,0,0,0,0,0,0,0,5,0,0,0,0,0,0,0,0,3,0,2,0,0,2,0,0,0,0,0,0,2,0,5,2,0
"MINSK",27.5666271553,53.8999774364,0,0,0,0,0,0,0,0,0,0,0,0,0,0,0,0,0,0,0,0,0,0,0,0,0,2,0,0,2,0,0,0,0,0,2,2,0,0,0,0,0,0,0,0,0,0,0,0,0,0,0,0,0,0,0,0,0,0,0,0,0,0,0,0,0,0,0,0,0,0,0,0,0,0,0,0,0,1,0,0,0,0,0,0,0,0,0,0,0,0,0,0,2,0,0,0,0,0,0,0
"MOMBASA",39.6899181709,-4.04002602246,0,0,0,0,0,0,0,0,0,0,0,0,0,0,0,2,0,2,0,0,0,0,0,0,0,0,0,0,0,0,0,0,0,0,0,0,0,0,0,2,0,0,0,0,2,0,0,0,0,0,0,0,0,0,0,0,0,0,0,0,0,1,0,0,0,0,0,0,0,0,0,0,0,0,0,0,0,0,0,0,0,0,0,0,0,0,0,0,0,0,0,0,0,0,0,0,0,0,0,0
"MONROVIA",-10.8047516291,6.31055665987,0,0,0,0,0,0,0,0,0,0,0,0,0,0,0,2,0,0,0,0,0,0,0,0,0,0,0,0,0,0,0,0,0,0,0,0,0,0,0,0,0,0,0,0,0,0,0,0,0,0,0,0,0,0,0,0,0,0,0,0,0,1,0,0,0,0,0,0,0,0,0,0,0,0,0,0,0,0,0,0,0,0,0,0,0,0,0,0,0,2,0,0,0,0,0,0,0,0,0,0
"MONTERREY",-100.329984784,25.6699951365,2,2,2,0,2,0,0,2,2,0,2,2,2,2,0,2,0,2,0,0,0,0,0,0,0,0,0,0,0,0,0,0,0,0,0,0,0,2,0,0,0,0,0,0,0,0,0,0,0,0,0,0,0,0,2,2,0,0,2,2,0,0,0,0,0,0,0,0,0,2,0,0,0,0,0,0,0,0,0,0,0,0,0,0,0,0,0,0,0,0,0,2,0,0,0,2,0,0,0,0
"MONTEVIDEO",-56.1710522884,-34.8580415662,2,0,0,2,2,2,2,2,2,0,2,2,3,0,2,2,0,2,0,0,0,0,2,2,2,0,2,2,2,2,0,0,0,2,3,0,2,0,2,0,0,0,0,2,0,0,0,0,0,0,0,0,0,0,3,2,0,0,0,0,0,1,0,0,0,1,0,0,0,0,0,0,0,0,0,0,0,0,0,0,0,0,0,0,0,0,0,0,0,2,0,0,2,0,0,0,0,0,0,0
"MONTREAL",-73.5832969581,45.4999992056,3,3,2,2,3,0,3,2,2,3,2,0,3,2,0,2,0,3,0,2,0,2,2,2,2,0,2,2,3,3,0,2,0,0,0,0,2,0,2,2,2,0,0,0,2,0,0,0,0,2,0,2,2,0,3,0,0,0,2,0,0,1,0,2,2,3,3,0,0,0,0,0,0,0,0,0,0,0,0,0,0,0,3,3,0,2,0,3,2,0,2,0,2,0,0,2,0,2,2,0
"MOSCOW",37.6155228259,55.7521641226,2,2,0,2,2,2,2,2,2,2,2,2,2,2,2,2,2,2,0,0,0,2,2,2,2,2,2,2,2,2,0,0,0,3,3,2,2,2,4,2,0,2,0,0,2,0,2,2,0,2,0,2,2,0,3,2,0,0,0,0,0,1,0,0,0,0,0,2,0,2,2,0,2,2,0,2,2,2,0,2,2,0,2,0,0,0,0,0,0,3,0,2,2,2,2,2,2,0,2,0
"MUMBAI",72.8569892974,19.0169903757,2,2,2,0,2,0,2,3,3,0,2,3,2,2,2,3,2,3,2,0,0,2,3,2,2,2,3,2,2,4,2,2,0,2,3,3,2,2,2,3,2,2,0,2,3,2,2,0,3,3,0,2,2,2,4,2,2,0,0,2,0,1,2,0,0,0,0,0,0,0,0,0,0,0,0,0,1,0,0,0,0,0,0,0,0,2,0,0,2,0,0,2,2,0,0,2,0,0,2,0
"MUNICH",11.5749934475,48.129942036,0,2,0,3,3,0,0,3,3,0,3,2,2,2,0,3,3,3,0,3,2,2,0,0,0,0,0,2,0,0,2,0,0,2,3,3,3,0,0,2,0,0,0,0,3,0,5,5,0,0,0,0,2,0,2,2,4,0,2,0,0,3,0,0,0,0,0,0,0,2,2,0,2,0,0,3,0,2,0,2,0,0,2,0,0,2,2,0,0,0,2,2,0,2,2,2,4,0,2,2
"NAGOYA",136.914991414,35.154997578,0,2,0,0,0,0,0,0,2,0,0,0,0,0,0,0,0,0,0,0,2,0,0,0,0,0,0,0,0,0,0,0,2,0,0,0,2,0,0,0,0,0,0,0,0,2,0,0,0,2,2,0,2,2,0,2,0,0,0,0,0,0,0,0,2,0,0,0,0,0,0,0,0,0,0,0,0,0,0,0,0,0,0,0,2,0,0,0,0,0,0,0,0,0,0,0,0,0,2,0
"NAIROBI",36.8166568591,-1.28334674185,3,0,0,0,1,2,0,2,3,0,0,2,0,0,2,2,0,2,0,0,0,0,2,2,2,2,2,0,2,2,0,0,0,0,0,0,0,0,0,2,0,0,0,0,2,0,0,0,0,2,0,0,2,0,2,2,0,0,0,0,0,1,0,0,0,0,0,0,0,0,0,0,0,0,0,0,0,0,0,0,0,0,0,0,0,0,0,0,0,0,0,0,2,0,0,0,0,0,0,0
"NANJING",118.779974324,32.0500191437,0,0,0,0,0,0,0,0,0,0,0,0,0,0,0,0,0,0,0,0,0,0,0,0,0,0,0,0,0,0,0,0,0,0,0,0,0,0,0,0,0,0,0,0,0,2,0,0,0,2,0,0,2,0,2,0,0,0,0,0,0,0,0,0,0,0,0,0,0,0,0,0,0,0,0,0,0,0,0,0,0,0,0,0,0,0,0,0,0,0,0,0,0,0,0,0,0,0,0,0
"NAPLES",14.2450113512,40.8400252473,0,2,0,0,2,0,0,0,2,0,0,0,0,0,0,0,0,2,0,0,0,0,0,0,0,0,0,0,0,0,0,0,0,0,0,0,3,0,0,0,0,0,0,0,0,0,0,0,0,0,0,0,0,0,0,0,0,0,0,0,0,1,0,2,0,0,0,0,0,0,0,0,0,0,0,0,0,0,0,0,0,0,0,0,0,0,2,0,0,0,0,0,0,0,0,0,0,0,0,0
"NASSAU",-77.3500437843,25.0833901154,0,0,0,2,2,2,2,2,2,2,2,2,0,2,0,2,0,2,0,0,0,0,0,0,0,0,0,0,2,0,0,0,0,0,0,0,0,2,2,0,2,0,0,0,2,0,0,0,0,0,0,2,0,0,3,2,0,0,0,0,0,0,3,0,0,2,3,0,0,0,0,0,0,0,0,0,0,0,0,0,0,0,0,0,0,0,0,0,0,2,0,0,2,0,0,0,0,0,0,0
"NEW DELHI",77.1999800201,28.6000230092,2,2,0,0,2,0,2,0,2,0,2,2,2,2,0,3,2,2,2,0,2,2,3,0,2,0,2,2,3,3,2,0,0,0,0,0,2,0,2,2,0,2,0,2,3,2,0,0,2,2,2,0,2,0,3,2,0,0,2,2,0,1,0,0,0,3,0,0,0,0,0,0,0,0,0,0,0,0,0,0,0,0,0,0,3,2,0,0,3,0,0,0,0,0,2,2,0,0,2,0
"NEW ORLEANS",-90.03996688,29.9950024607,2,2,2,0,0,0,0,0,3,0,0,0,2,0,0,0,0,2,0,0,0,0,0,0,0,0,0,0,0,0,0,0,0,0,0,0,0,2,0,0,0,0,0,0,0,0,0,0,0,0,0,0,0,0,0,0,0,0,0,0,2,1,0,3,0,0,0,0,0,0,0,0,0,0,0,0,0,0,0,0,0,0,0,0,0,0,0,0,0,0,0,0,0,0,0,0,0,0,0,0
"NEW YORK",-73.944,40.661,5,3,2,5,4,2,4,5,3,5,3,4,4,2,2,3,4,5,5,5,3,2,5,5,5,5,5,5,5,5,5,2,2,4,2,3,4,5,3,4,5,2,3,3,4,4,2,2,3,4,3,5,4,4,4,5,0,4,5,2,5,3,3,4,4,2,2,4,4,3,4,4,4,2,4,3,5,0,4,2,5,4,5,5,2,2,0,4,2,5,5,2,5,4,2,5,3,2,2,5
"NEWCASTLE",151.815012166,-32.8453478813,2,2,0,0,0,0,0,0,2,0,0,1,2,0,0,0,0,2,0,2,0,0,0,0,0,0,0,0,0,0,0,0,0,0,0,0,0,0,0,0,0,0,0,0,2,0,0,0,0,0,0,0,0,0,2,0,0,0,0,0,0,0,0,2,0,0,0,0,0,0,0,0,0,0,0,0,0,0,0,0,0,0,0,0,0,0,0,0,0,0,0,0,0,0,0,0,0,0,2,0
"NICOSIA",33.3666348864,35.1666764517,0,0,0,0,2,2,2,3,2,0,0,2,2,2,2,2,3,2,0,0,0,0,0,2,0,0,2,2,2,0,0,0,0,0,0,0,0,0,0,0,0,0,0,0,0,0,0,0,0,0,0,0,0,0,2,0,2,2,0,0,0,1,0,2,0,2,0,0,0,0,0,0,0,0,0,0,0,0,0,0,0,0,0,0,0,0,0,0,0,2,0,0,0,0,0,0,0,0,0,0
"NORWICH",1.30001338563,52.6303650097,0,0,0,0,0,0,0,2,2,0,0,2,0,2,0,2,0,2,0,0,0,0,0,0,0,0,0,0,0,0,0,0,0,0,0,0,0,0,0,0,0,0,0,0,2,0,0,0,0,0,0,0,0,0,2,0,0,0,0,0,0,0,0,0,0,0,0,0,0,0,0,0,0,0,0,0,0,0,0,0,0,0,0,0,0,0,0,0,0,0,0,0,0,0,0,0,0,0,0,0
"NOTTINGHAM",-1.17001672505,52.9703442577,2,2,0,2,0,0,0,2,2,0,0,0,0,2,0,2,0,2,0,2,0,0,0,0,0,0,0,0,0,0,0,0,0,0,0,0,0,0,0,0,0,0,0,0,2,0,0,0,0,0,0,0,0,0,2,0,0,0,0,0,0,0,0,2,0,0,0,0,0,0,0,0,0,0,0,0,0,0,0,0,0,0,0,0,0,0,2,2,0,0,0,0,0,0,0,0,0,0,0,0
"NUREMBERG",11.0799849026,49.4499906607,0,0,0,2,0,0,0,0,2,0,0,0,0,0,0,2,2,2,0,0,0,0,0,0,0,0,0,2,2,0,0,0,0,0,2,2,2,0,0,0,0,0,0,0,0,0,3,2,0,0,0,0,0,0,0,2,0,0,0,0,0,1,0,0,0,0,0,0,0,0,0,0,0,0,0,0,0,0,0,0,0,0,0,0,0,0,0,0,0,0,0,0,0,0,0,0,0,0,0,0
"OMAHA",-96.0099900734,41.2400008332,0,2,0,0,0,0,1,0,2,0,3,2,0,0,0,0,0,2,0,0,0,0,0,0,0,0,0,0,0,0,0,0,0,0,0,0,0,2,0,0,0,0,0,0,0,0,0,0,0,0,0,0,0,0,0,2,0,0,0,0,2,0,0,0,0,0,0,0,0,0,0,0,0,0,0,0,0,0,0,0,0,0,0,0,0,0,0,0,0,0,0,0,0,0,0,0,0,0,0,0
"OSAKA",135.502222,34.693889,0,2,0,0,0,0,0,0,2,0,2,1,0,0,0,0,0,2,0,0,2,0,0,0,0,0,0,0,2,0,0,0,2,2,0,0,2,2,0,0,0,0,0,0,0,3,0,0,0,5,2,0,2,2,2,2,0,0,0,0,0,0,0,3,0,0,0,0,0,0,0,0,0,0,0,0,0,0,0,0,0,0,0,0,0,0,0,0,0,0,0,0,0,0,0,2,0,0,2,0
"OSLO",10.749979206,59.9166902864,2,2,2,2,2,2,2,3,3,0,0,3,2,2,3,2,2,2,2,0,0,0,0,2,0,2,2,2,4,0,0,2,0,0,0,0,2,2,0,2,0,0,0,0,0,0,0,0,0,2,0,0,0,0,0,2,2,2,0,0,0,1,2,0,0,0,0,0,0,0,0,0,0,0,0,0,0,0,0,0,0,0,0,0,2,0,0,2,0,0,0,2,2,2,2,0,0,0,0,2
"OTTAWA",-75.7000153012,45.4166967967,0,2,0,0,0,0,0,0,2,0,2,0,2,0,0,0,0,2,0,2,0,0,0,0,0,0,0,0,0,2,0,0,0,0,0,0,0,0,0,0,0,0,0,0,0,0,0,0,0,0,0,0,0,0,2,0,0,0,0,0,0,0,0,2,0,2,0,0,0,0,0,0,0,0,0,0,0,0,0,0,0,0,0,0,0,2,0,3,0,0,0,0,0,0,2,0,0,0,2,0
"PALERMO",13.3500272203,38.1250230093,0,0,0,0,0,0,0,0,2,0,0,0,0,0,0,0,0,2,0,0,0,0,0,0,0,0,0,0,0,0,0,0,0,0,0,0,0,0,0,0,0,0,0,0,0,0,0,0,0,0,0,0,0,0,0,0,0,0,0,0,0,1,0,2,0,0,0,0,0,0,0,0,0,0,0,0,0,0,0,0,0,0,0,0,0,0,2,0,0,0,0,0,0,0,0,0,0,0,0,0
"PALO ALTO",-122.138056,37.429167,2,0,0,0,0,0,0,2,2,0,0,0,0,0,0,0,0,2,0,2,0,0,0,0,0,0,0,0,0,0,0,0,0,0,0,0,0,2,2,2,2,0,0,0,0,0,0,0,0,0,0,3,0,0,0,2,0,0,0,0,2,0,0,0,0,0,0,3,0,2,0,0,0,0,0,0,2,0,3,0,2,0,3,0,0,0,0,0,0,0,0,0,0,0,0,4,0,0,2,0
"PANAMA CITY",-79.5330371518,8.96801719048,0,2,2,2,2,2,2,2,3,0,0,2,0,0,0,2,2,2,0,0,0,0,2,2,2,0,2,2,3,2,0,0,0,0,0,0,0,2,2,2,0,0,2,0,0,0,0,0,0,0,0,0,2,2,2,2,0,0,0,0,0,1,2,0,0,0,0,0,0,0,0,0,0,0,0,0,0,0,0,0,0,0,0,0,0,0,0,0,0,0,0,0,2,0,0,0,0,0,0,0
"PARIS",2.33333532574,48.8666929312,2,3,2,3,3,2,2,2,3,0,3,2,4,2,2,3,4,4,3,3,2,2,2,2,2,2,2,3,4,0,3,2,2,4,4,3,3,2,5,4,2,3,3,3,4,2,2,2,0,3,0,2,3,3,4,2,3,2,2,2,0,3,4,3,0,3,2,0,0,3,3,2,4,2,0,3,3,0,0,2,2,0,3,3,2,2,5,2,2,3,2,2,2,2,2,4,2,2,2,2
"PENANG",100.3292,5.4145,0,2,0,0,2,0,0,2,2,0,0,2,0,0,0,0,0,0,0,0,0,0,0,0,0,0,0,0,0,0,0,0,0,0,0,0,0,0,0,0,0,0,0,0,0,0,0,0,0,0,0,0,0,0,0,2,0,0,0,0,0,1,0,2,0,0,0,0,0,0,0,0,0,0,0,0,0,0,0,0,0,0,0,0,0,0,0,0,0,0,0,0,0,0,0,0,0,0,0,0
"PERTH",115.839998738,-31.9550146293,2,2,2,3,2,0,0,2,2,0,3,2,3,3,2,2,0,2,0,2,0,0,2,0,0,0,0,2,0,0,0,0,0,0,0,0,2,0,0,0,0,0,0,0,2,0,0,0,0,2,0,0,0,0,2,2,0,0,2,0,0,1,2,2,0,3,0,0,0,0,0,0,0,0,0,0,0,0,0,0,0,0,0,0,0,0,0,0,0,0,0,0,0,0,0,0,0,0,0,0
"PHILADELPHIA",-75.1699959734,39.9999731639,2,2,0,2,0,0,1,2,3,0,0,0,0,2,0,2,0,2,0,2,0,0,0,0,2,0,0,0,0,2,0,2,0,0,0,0,2,2,3,0,2,0,0,0,0,0,0,0,0,2,0,3,0,0,2,3,0,0,2,0,2,1,0,3,0,2,0,0,5,0,0,0,0,0,0,0,0,0,0,0,0,0,0,4,0,2,0,0,2,0,0,0,0,2,0,0,0,0,2,0
"PHOENIX",-112.069991701,33.5399798778,2,2,2,0,0,0,0,0,2,0,3,0,2,0,0,2,0,2,0,2,0,0,0,0,0,0,0,0,0,2,0,2,0,0,0,0,0,2,0,0,0,0,0,0,0,0,0,0,0,0,0,0,0,0,2,2,0,0,2,0,2,0,0,0,0,0,0,0,0,0,0,0,0,0,0,0,0,0,0,0,0,0,0,2,0,2,0,0,0,0,0,0,0,0,0,0,0,0,2,0
"PITTSBURG",-79.976389,40.439722,2,2,0,2,0,0,0,0,3,0,3,1,0,2,0,0,0,2,0,0,0,0,0,0,0,0,0,0,0,0,0,0,0,0,0,0,0,2,0,2,0,0,0,0,0,0,0,0,0,2,0,0,0,0,0,2,0,0,2,0,2,0,0,2,0,3,0,0,2,0,0,3,0,0,0,0,0,0,0,0,0,0,0,2,2,0,0,0,2,0,2,0,0,2,0,2,0,0,2,0
"PLYMOUTH",-4.15998925924,50.3853857616,0,0,0,0,0,0,0,0,2,0,0,0,0,0,0,0,0,2,0,0,0,0,0,0,0,0,0,0,0,0,0,0,0,0,0,0,0,0,0,0,0,0,0,0,2,0,0,0,0,0,0,0,0,0,2,0,0,0,0,0,0,1,0,0,0,0,0,0,0,0,0,0,0,0,0,0,0,0,0,0,0,0,0,0,0,0,0,2,0,0,0,0,0,0,0,0,0,0,0,0
"PORT LOUIS",57.4999938546,-20.1666385714,0,0,2,0,2,0,2,3,2,0,2,2,2,2,2,2,2,2,0,0,0,0,0,0,2,2,2,0,0,0,0,0,0,0,0,0,2,0,0,2,0,0,2,2,2,0,0,0,0,0,0,0,0,0,2,0,0,0,0,0,0,1,0,0,0,0,0,0,0,0,0,0,0,0,0,0,0,0,0,0,0,0,0,0,0,0,0,0,0,0,0,0,2,0,0,0,0,0,0,0
"PORT MORESBY",147.192503621,-9.46470782587,0,0,0,3,1,0,0,0,2,0,0,0,2,0,0,2,0,2,0,0,0,0,0,0,0,0,0,0,0,0,0,0,0,0,0,0,0,0,0,0,0,0,0,0,0,0,0,0,0,0,0,0,0,0,0,0,0,0,0,0,0,0,0,0,0,0,0,0,0,0,0,0,0,0,0,0,0,0,0,0,0,0,0,0,0,0,0,0,0,0,0,0,2,0,0,0,0,0,0,0
"PORT OF SPAIN",-61.5170308854,10.6519970896,2,0,0,0,0,0,0,0,2,0,0,0,0,0,0,2,0,0,0,0,0,0,0,0,2,2,2,0,2,2,0,0,0,0,0,0,0,0,0,0,0,0,0,0,0,0,0,0,0,0,0,0,0,0,0,2,0,0,0,0,0,1,0,0,0,0,3,0,0,0,0,0,0,0,0,0,0,0,0,0,0,0,0,0,0,0,0,0,0,0,0,0,0,0,0,0,0,0,0,0
"PORT-AU-PRINCE",-72.3360345883,18.5410245961,0,0,0,0,0,0,0,0,2,0,0,0,0,0,0,0,0,0,0,0,0,0,0,0,0,0,0,0,0,0,0,0,0,0,0,0,0,0,0,0,0,0,0,0,0,0,0,0,0,0,0,0,0,0,0,2,0,0,0,0,0,1,0,0,0,0,0,0,0,0,0,0,0,0,0,0,0,0,0,0,0,0,0,0,0,0,0,0,0,0,0,0,0,0,0,0,0,0,0,0
"PORTLAND",-122.679990074,45.5200238231,0,2,0,0,0,0,1,0,3,0,3,3,0,0,0,0,0,2,0,2,0,0,0,0,2,0,2,0,0,2,0,0,0,0,0,0,0,2,2,0,0,0,0,2,0,0,0,0,0,2,0,0,2,0,3,2,0,0,2,0,2,0,0,3,0,0,0,0,0,0,0,0,0,0,0,0,0,0,0,0,0,0,0,0,0,2,0,0,0,0,0,0,0,0,0,0,0,0,2,0
"PORTO ALEGRE",-51.2000120459,-30.0500146293,2,2,0,0,2,0,0,2,2,0,0,0,2,0,0,0,0,2,0,0,0,0,0,0,0,0,2,0,2,0,0,0,0,0,0,0,0,0,0,0,0,0,0,0,0,0,0,0,0,0,0,0,0,0,2,2,0,0,2,0,0,1,0,2,0,0,0,0,0,0,0,0,0,0,0,0,0,0,0,0,0,0,0,0,0,0,0,0,0,0,0,0,0,0,0,0,0,0,0,0
"PRAGUE",14.4659797757,50.0833370149,2,2,0,3,2,2,2,2,2,0,3,0,3,2,2,2,2,2,2,0,0,0,3,3,2,0,3,3,2,2,0,0,0,2,2,2,2,0,2,2,2,0,0,3,2,0,2,2,0,2,0,2,0,0,3,2,2,0,0,0,0,3,2,2,0,0,0,0,0,2,2,0,2,2,0,2,2,2,0,2,0,0,2,0,2,0,0,0,2,2,0,0,2,0,2,2,0,0,2,0
"PRETORIA",28.2294290758,-25.7069205538,0,0,0,0,0,0,0,0,2,0,2,2,0,2,0,2,0,2,0,0,0,0,0,0,0,0,0,0,0,0,0,0,0,0,0,0,0,0,0,0,0,0,0,0,0,0,0,0,0,0,0,0,0,0,0,0,0,0,0,0,0,0,0,0,0,0,0,0,0,0,0,0,0,0,0,0,0,0,0,0,0,0,0,0,0,0,0,0,0,0,0,0,0,2,0,0,0,0,2,0
"PUSAN",129.066667,35.166667,2,2,0,0,0,0,0,0,2,0,0,0,0,0,0,0,0,0,0,0,0,0,0,0,0,0,0,0,0,0,0,0,0,0,0,0,0,0,0,0,0,0,0,0,0,0,0,0,0,0,0,0,2,0,0,2,0,0,0,0,0,1,0,0,0,0,0,0,0,0,0,0,0,0,0,0,0,0,0,0,0,0,0,0,0,0,0,0,0,0,0,0,0,0,0,0,0,0,0,0
"PYONGYANG",125.754690714,39.0194386994,0,0,0,0,0,0,0,0,0,0,0,0,0,0,0,0,0,0,0,0,0,0,0,0,0,0,0,0,0,0,0,0,0,0,0,0,0,0,0,0,0,0,0,0,0,0,0,0,0,0,0,0,0,0,0,0,0,0,0,0,0,0,0,0,0,0,0,0,0,0,0,0,0,0,0,0,0,0,0,0,0,0,0,0,0,0,0,0,0,0,0,0,0,0,0,0,0,0,0,0
"QUEBEC",-70,53,2,0,0,0,0,0,0,0,2,0,0,0,0,0,0,0,0,2,0,0,0,0,0,0,0,0,0,0,0,0,0,0,0,0,0,0,0,0,2,0,0,0,0,0,0,0,0,0,0,0,0,0,0,0,0,0,0,0,0,0,0,2,0,2,0,3,0,0,0,0,0,0,0,0,0,0,0,0,0,0,0,0,0,0,0,0,0,2,0,0,0,0,0,0,0,0,0,0,0,0
"QUITO",-78.5000511085,-0.21498818065,0,2,2,2,2,4,0,2,2,0,0,2,0,2,0,2,0,2,0,0,0,0,2,0,2,0,2,2,2,3,0,0,0,0,2,0,0,0,0,2,0,0,0,2,0,0,0,0,0,0,0,0,0,0,0,2,0,0,0,0,0,1,0,0,0,0,0,0,0,0,0,0,0,0,0,0,0,0,0,0,0,0,0,0,0,0,0,0,0,2,0,0,2,0,0,0,0,0,0,0
"RABAT",-6.83613082013,34.0252990916,0,0,0,0,0,0,0,0,2,0,0,0,0,2,0,0,0,2,0,0,0,0,0,0,0,0,0,0,0,0,0,0,0,0,0,0,0,0,0,2,0,0,0,0,0,0,0,0,0,0,0,0,0,0,0,0,0,0,0,0,0,0,0,0,0,0,0,0,0,0,0,0,0,0,0,0,0,0,0,0,0,0,0,0,0,0,0,0,0,0,0,0,0,0,0,0,0,0,0,0
"RAWALPINDI",73.0400272206,33.5999762156,0,0,0,0,0,0,0,2,0,0,0,0,0,0,0,0,0,0,0,0,0,0,0,0,0,0,0,0,0,0,0,0,0,0,0,0,0,0,0,0,0,0,0,0,0,0,0,0,0,0,0,0,0,0,0,2,0,0,0,0,0,0,0,0,0,0,0,0,0,0,0,0,0,0,0,0,0,0,0,0,0,0,0,0,0,0,0,0,0,0,0,0,0,0,0,0,0,0,0,0
"RECIFE",-34.915605511,-8.07564532586,0,0,0,0,0,0,0,2,0,0,0,0,2,2,0,2,0,2,0,0,0,0,0,0,0,0,0,0,0,0,0,0,0,0,0,0,0,0,0,0,0,0,0,0,0,0,0,0,0,0,0,0,0,0,0,0,0,0,2,0,0,1,0,0,0,0,0,0,0,0,0,0,0,0,0,0,0,0,0,0,0,0,0,0,0,0,0,0,0,0,0,0,0,0,0,0,0,0,0,0
"REYKJAVIK",-21.933333,64.133333,0,0,0,0,0,0,2,0,2,0,0,0,0,2,0,0,0,2,0,0,0,0,0,0,2,0,0,0,0,0,0,0,0,0,0,0,0,0,0,0,0,0,0,0,0,0,0,0,0,0,0,0,0,0,0,0,0,0,0,0,0,1,0,0,0,0,0,0,0,0,0,0,0,0,0,0,0,0,0,0,0,0,0,0,0,0,0,0,0,2,0,0,2,0,0,0,0,0,0,0
"RICHMOND",-84.8902812111,39.8288983348,0,2,0,0,0,0,0,0,3,0,3,1,2,0,0,0,0,2,0,0,0,0,0,0,0,0,0,0,0,0,0,0,0,0,0,0,0,2,0,0,0,0,0,0,0,0,0,0,0,0,0,0,0,0,0,2,0,0,0,0,2,0,2,0,0,3,0,0,0,0,0,0,0,0,0,0,0,0,0,0,0,0,0,0,0,2,0,0,0,0,0,0,0,0,0,0,0,0,2,0
"RIGA",24.0999653714,56.9500238232,2,2,0,0,0,2,0,0,2,0,0,0,0,2,0,2,2,2,0,0,0,0,0,0,0,2,2,0,2,3,2,0,0,0,2,0,0,0,0,0,0,0,0,0,0,0,2,0,0,0,0,0,0,0,0,0,0,0,0,0,0,0,0,0,0,0,0,0,0,0,0,0,0,0,0,0,0,0,0,0,0,0,0,0,0,0,0,0,0,2,0,0,2,0,0,0,0,0,2,0
"RIO DE JANEIRO",-43.2250207942,-22.9250231742,2,2,2,0,2,0,0,3,2,0,2,2,2,2,0,2,0,0,2,0,0,2,2,0,2,0,2,0,2,0,0,0,0,2,0,2,2,2,0,4,0,0,2,2,0,0,0,0,0,0,0,2,2,0,3,0,2,0,2,0,0,1,0,2,0,0,0,0,0,2,0,0,0,0,0,0,0,0,0,0,0,0,0,3,0,0,0,0,0,0,0,0,0,2,0,2,0,0,2,0
"RIYADH",46.7727416573,24.6408331492,2,2,0,0,1,3,0,0,2,0,0,2,3,2,2,0,2,2,0,0,0,0,2,0,2,2,0,0,0,2,0,0,0,0,0,0,0,0,0,3,0,0,0,0,0,0,0,0,0,2,0,0,0,0,2,3,0,0,0,0,0,1,0,2,0,0,0,0,0,2,0,2,0,0,0,0,2,0,0,0,0,0,0,0,2,0,0,0,0,0,0,0,2,0,0,0,0,0,2,0
"ROCHESTER",-77.6199497901,43.1704256379,0,2,0,0,0,0,0,0,2,2,2,0,0,2,0,0,0,2,2,0,0,0,0,0,0,2,0,0,2,0,0,0,0,0,0,0,0,2,0,2,0,0,0,0,0,0,0,0,0,0,0,0,0,0,2,2,0,0,2,0,2,0,0,2,0,0,3,0,0,0,0,0,0,0,2,0,0,0,0,0,0,0,0,0,0,0,0,0,0,0,0,0,0,0,0,0,0,0,0,0
"ROME",12.4832584215,41.8959556265,0,3,2,3,2,0,0,2,2,0,0,2,3,2,0,3,2,3,2,2,0,0,2,0,0,2,2,2,2,2,0,0,0,3,2,0,3,2,2,2,0,0,0,0,0,0,0,0,0,0,0,2,0,0,2,2,0,0,2,0,0,1,0,3,0,0,0,0,0,2,3,0,2,0,0,3,0,0,0,0,0,0,0,2,0,2,3,0,0,0,0,0,0,2,2,2,2,0,2,0
"ROTTERDAM",4.47997432315,51.919969095,2,2,0,0,4,0,0,2,2,0,2,4,3,2,0,2,0,2,0,0,0,0,0,0,0,0,0,0,0,0,0,0,0,0,0,0,2,0,2,2,0,2,0,2,0,0,2,0,0,2,0,0,0,0,0,0,2,2,0,0,4,1,2,0,0,2,2,0,0,0,0,0,0,0,0,3,0,0,0,0,0,0,0,2,2,2,0,2,2,0,0,0,2,0,0,0,0,2,0,0
"RUWI",58.543333,23.600278,2,2,0,0,2,1,0,2,2,0,0,0,0,2,0,2,2,2,0,0,0,0,0,0,0,0,0,0,2,0,0,0,0,0,0,2,0,0,0,0,2,0,0,0,0,0,0,0,0,2,0,0,0,0,3,2,0,0,0,0,0,0,0,2,0,2,0,0,0,0,0,0,0,0,0,0,0,0,0,0,0,0,0,0,0,0,0,0,0,2,0,0,2,0,0,0,0,0,0,0
"SACRAMENTO",-121.470038088,38.5750213817,2,2,0,0,0,0,0,0,2,0,0,0,0,0,0,0,0,2,0,0,0,0,0,0,0,0,0,0,0,2,0,0,0,0,0,0,0,2,2,0,0,0,0,0,0,0,0,0,0,0,2,0,0,0,0,0,0,0,2,0,2,0,0,0,0,0,0,0,0,0,0,0,0,0,0,0,0,0,2,0,0,0,0,0,0,0,0,0,0,0,0,0,0,2,0,0,0,0,2,0
"SALVADOR",-38.4799874283,-12.9699719047,2,2,0,0,0,0,0,0,2,0,0,0,2,0,0,2,0,2,0,0,0,0,0,0,0,0,0,0,0,0,0,0,0,0,0,0,0,0,0,0,0,0,0,0,0,0,0,0,0,0,0,0,0,0,2,2,0,0,0,0,0,0,0,0,0,0,0,0,0,0,0,0,0,0,0,0,0,0,0,0,0,0,0,0,0,0,0,0,0,0,0,0,0,0,0,0,0,0,0,0
"SAN DIEGO",-117.17998987,32.8200238231,2,2,2,0,2,0,0,0,3,0,3,0,0,2,0,2,0,2,0,2,2,0,0,0,0,0,0,0,2,2,0,0,0,0,0,0,2,3,2,0,0,0,0,0,0,0,0,0,2,0,0,0,0,0,0,2,0,0,2,0,2,0,0,0,4,0,0,3,0,2,0,0,0,0,0,0,0,0,2,0,0,0,0,2,0,2,0,2,0,0,0,0,0,2,0,0,0,0,2,0
"SAN FRANCISCO",-122.459977663,37.7400077505,2,2,2,2,3,0,1,0,3,2,3,2,3,2,2,3,0,2,2,3,0,0,0,2,3,2,0,2,2,3,2,2,0,0,4,0,2,3,3,2,2,2,2,2,3,0,0,0,2,3,4,4,3,0,3,3,2,0,3,0,2,1,0,3,0,2,3,3,0,3,0,0,0,0,0,0,0,0,5,0,2,0,3,3,2,2,0,2,2,0,2,2,0,2,2,2,3,2,2,0
"SAN JOSE (CA)",-121.9,37.333333,2,2,0,2,2,0,2,0,3,0,0,0,0,0,0,0,0,2,0,2,0,0,0,0,0,0,0,0,0,2,2,0,0,0,0,0,0,2,2,0,0,0,0,0,0,0,0,0,2,0,2,0,0,0,0,2,0,0,0,0,2,0,0,0,0,0,0,0,0,0,0,0,0,0,0,0,0,0,0,0,0,0,2,0,0,2,0,0,0,0,0,0,0,0,2,0,0,0,0,0
"SAN JOSE (CR)",-84.083333,9.933333,0,0,0,2,0,0,2,2,2,0,0,0,2,2,2,2,2,2,0,0,0,0,2,0,2,2,2,2,0,0,0,0,0,0,2,0,0,0,2,0,0,0,0,0,0,0,0,0,0,0,0,0,0,0,0,2,0,0,0,0,0,1,0,0,0,0,0,0,0,0,0,0,0,0,0,0,0,0,0,0,0,0,0,0,0,0,0,0,0,0,0,0,2,0,0,0,0,0,0,0
"SAN SALVADOR",-89.2030412208,13.7100016469,0,0,2,2,0,0,2,2,2,0,2,0,2,0,0,2,0,0,0,0,0,0,2,0,2,0,2,2,2,2,0,0,0,0,2,0,0,0,0,0,0,0,0,0,3,0,0,0,0,0,0,0,0,0,0,2,0,0,0,0,0,0,0,0,0,0,0,0,0,0,0,0,0,0,0,0,0,0,0,0,0,0,0,0,0,0,0,0,0,0,0,0,2,0,0,0,0,0,0,0
"SANAA",44.206389,15.348333,0,2,0,0,1,0,0,0,0,0,0,0,0,0,0,2,2,0,0,0,0,0,0,2,0,0,0,0,0,0,0,0,0,0,0,0,0,0,0,0,0,0,0,0,0,0,0,0,0,2,0,0,0,0,0,0,0,0,0,0,0,0,0,0,0,0,0,0,0,0,0,0,0,0,0,0,0,0,0,0,0,0,0,0,0,0,0,0,0,0,0,0,0,0,0,0,0,0,0,0
"SANTIAGO",-70.6670408546,-33.4500138155,2,0,0,0,3,2,2,2,2,0,2,2,2,2,2,2,0,2,2,2,0,0,3,2,2,0,2,2,0,2,0,0,0,2,3,0,3,2,2,0,0,2,0,3,2,0,0,0,0,0,0,2,2,0,2,3,2,0,2,0,0,1,2,0,0,2,0,0,0,0,0,0,0,0,0,0,0,0,0,0,0,0,0,0,0,0,2,0,2,2,0,0,2,2,0,2,0,0,0,0
"SANTO DOMINGO",-69.9000850847,18.4700728546,0,0,0,0,0,0,2,3,2,0,2,0,0,0,0,2,0,2,0,0,0,0,0,2,2,2,2,2,3,2,0,0,0,0,0,0,0,0,0,0,0,0,0,0,0,0,0,0,0,0,0,0,0,0,0,2,0,0,0,0,0,1,0,0,0,0,0,0,0,0,0,0,0,0,0,0,0,0,0,0,0,0,0,0,0,0,0,0,2,0,0,0,2,0,0,0,0,0,0,0
"SAO PAULO",-46.633333,-23.55,2,2,2,0,2,2,2,3,2,2,2,2,3,4,2,2,0,2,4,2,2,0,2,0,2,2,2,2,4,2,0,2,0,4,0,3,3,2,2,2,2,2,0,2,3,2,2,0,2,3,2,3,2,2,3,3,3,0,2,0,4,3,2,2,2,2,0,0,0,3,2,0,0,0,0,2,2,0,0,0,0,0,0,3,2,2,2,0,2,2,0,2,2,2,2,2,3,0,2,0
"SARAJEVO",18.383001667,43.850022399,0,0,0,0,2,0,0,0,0,0,0,2,0,0,0,0,0,0,0,0,0,0,0,0,0,0,0,0,0,0,0,0,0,0,0,0,0,0,0,0,0,0,0,0,0,0,0,0,0,0,0,0,0,0,0,2,0,0,0,0,0,1,0,0,0,0,0,0,0,0,0,0,0,0,0,0,0,0,0,0,0,0,0,0,0,0,0,0,0,0,0,0,0,0,0,0,0,0,0,0
"SEATTLE",-122.339984987,47.5700020539,0,2,3,0,0,0,1,0,3,0,2,4,2,2,0,0,0,2,0,0,0,0,0,0,2,0,2,0,2,3,0,0,0,0,0,0,2,2,2,2,0,0,0,0,0,0,0,0,0,3,0,0,2,0,3,3,0,0,2,0,2,1,0,3,0,3,0,0,0,0,0,0,0,0,4,0,0,0,0,0,0,2,0,2,0,2,0,2,0,0,0,0,0,0,0,0,0,0,2,0
"SEOUL",126.999730997,37.5663490998,3,2,0,0,2,2,2,2,2,0,2,2,2,2,2,0,0,0,0,0,3,1,2,2,2,2,2,2,2,2,2,0,3,2,2,3,2,2,2,2,2,0,0,2,3,2,2,2,2,3,2,2,2,3,2,3,2,0,2,0,0,1,2,0,0,0,0,0,0,0,0,0,0,0,0,0,1,0,0,0,0,0,0,1,0,2,0,0,2,3,0,2,2,2,2,2,3,0,2,0
"SEVILLE",-5.98000736635,37.4050152782,2,2,0,0,0,0,0,0,2,0,0,2,0,2,0,0,0,2,0,0,0,0,0,0,2,0,0,0,0,0,0,0,0,0,0,0,3,0,0,0,0,0,0,0,0,0,0,0,0,0,0,0,0,0,0,0,0,0,0,0,0,1,0,2,0,0,0,0,0,0,0,0,0,0,0,0,0,0,0,0,0,0,0,0,0,0,2,0,0,0,0,0,0,0,0,0,0,0,2,0
"SHANGHAI",121.436504678,31.2164524526,0,2,0,0,2,1,0,0,3,0,3,2,2,2,2,0,2,2,2,0,2,0,3,0,2,2,2,2,2,2,2,0,3,2,2,2,2,2,2,2,2,2,0,2,3,2,2,3,2,3,3,2,2,3,3,2,3,2,2,0,0,3,2,0,0,2,0,0,0,0,2,2,2,0,0,2,2,0,0,0,0,2,0,0,0,2,0,0,2,0,0,2,0,0,2,2,0,0,2,0
"SHEFFIELD",-1.49999658345,53.3666766552,0,0,0,0,0,0,0,0,2,0,0,2,0,0,0,2,0,2,0,0,0,0,0,0,0,0,0,0,0,0,0,0,0,0,0,0,0,0,0,0,0,0,0,0,2,0,0,0,0,0,0,0,0,0,2,0,0,0,0,0,0,1,0,0,0,0,0,0,0,0,0,0,0,0,0,0,0,0,0,0,0,0,0,0,0,0,0,0,0,0,0,0,0,0,0,0,0,0,0,0
"SHENZEN",114.1,22.55,0,2,0,0,0,1,0,2,2,0,0,1,0,2,0,0,0,2,0,0,0,0,0,0,0,0,0,0,0,0,0,0,0,0,2,0,0,0,0,2,0,0,0,2,0,2,0,0,0,2,2,0,2,0,0,0,0,0,2,0,0,0,0,0,0,0,0,0,0,0,0,0,0,0,0,0,0,0,0,0,0,0,0,0,0,0,0,0,0,0,0,0,0,0,0,0,0,0,0,0
"SINGAPORE",103.855820678,1.29303346649,2,2,2,3,2,2,2,3,2,0,3,2,3,2,2,2,0,2,2,3,2,2,4,2,2,2,2,2,3,3,3,0,3,2,3,3,3,4,4,3,2,3,2,4,3,3,2,3,3,3,2,3,3,4,2,4,4,0,4,2,3,1,2,3,0,4,2,2,0,2,2,0,2,2,0,4,3,2,2,2,2,2,2,3,0,2,3,4,2,3,0,2,2,2,2,2,3,0,2,4
"SOFIA",23.3166540107,42.6833494253,0,2,0,0,1,2,2,0,2,0,0,0,0,2,0,0,2,2,0,0,0,0,2,2,2,2,2,2,2,2,0,0,0,0,2,0,0,0,2,0,0,0,0,2,0,0,2,0,0,2,0,0,0,0,0,0,2,0,0,0,0,1,0,0,0,0,0,0,0,0,0,0,0,0,0,0,0,0,0,0,0,0,0,0,0,0,0,0,0,2,0,0,2,0,0,0,0,0,0,0
"SOUTHAMPTON",-1.39997684875,50.9000313508,2,0,0,0,0,0,0,2,2,0,0,3,0,0,0,0,0,2,0,0,0,0,0,0,0,0,0,0,0,0,0,0,0,0,0,0,0,0,0,0,0,0,0,0,2,0,0,0,0,0,0,0,0,0,2,0,0,3,0,0,0,1,0,2,0,0,0,0,0,0,0,0,0,0,0,0,0,0,0,0,0,0,0,0,0,0,0,0,0,0,0,0,0,0,0,0,0,0,0,0
"ST LOUIS",-90.197778,38.627222,2,2,2,3,2,0,1,0,3,3,3,3,0,2,0,0,0,2,0,2,0,0,0,0,2,0,0,0,0,2,0,0,0,0,0,0,2,2,0,2,0,0,0,2,0,0,0,0,0,0,0,0,0,0,0,3,0,0,2,0,2,0,0,2,0,0,0,0,0,0,0,0,0,0,0,0,0,0,0,0,0,0,0,3,0,2,0,0,2,0,0,0,0,2,0,0,0,0,2,0
"ST PETERSBURG",30.308611,59.9375,2,2,2,0,1,0,0,0,2,0,0,2,0,0,0,2,2,2,0,0,0,0,0,2,0,0,0,0,0,0,0,0,0,2,3,0,2,0,2,2,0,0,0,0,0,0,0,0,0,2,0,0,0,0,0,0,2,0,0,0,0,1,0,0,0,0,0,0,0,2,0,0,0,0,0,2,0,1,0,0,0,0,2,0,0,0,0,0,0,0,0,0,0,0,0,0,0,0,0,2
"STOCKHOLM",18.0973347328,59.3507599543,2,2,2,2,2,2,2,3,3,2,2,3,0,2,2,2,2,3,2,0,0,2,3,2,2,0,2,3,3,0,2,0,0,0,2,0,2,0,0,2,0,0,3,0,0,0,0,0,0,2,0,0,0,0,3,2,2,5,2,0,3,1,0,0,0,3,0,0,0,2,0,0,0,0,0,3,2,0,0,0,0,0,2,2,2,2,4,2,2,3,0,2,2,2,2,4,3,2,2,2
"STRASBOURG",7.75000728215,48.5799662466,0,3,0,0,0,0,0,0,2,0,3,0,2,2,0,2,0,0,0,2,0,0,0,0,0,0,0,0,0,0,0,0,0,0,2,0,2,0,2,2,0,0,0,0,0,0,0,0,0,0,0,0,0,0,0,0,3,0,2,0,0,1,2,2,0,0,0,0,0,0,0,0,0,0,0,0,0,0,0,0,0,0,0,0,0,0,2,0,0,0,0,0,0,0,0,0,0,0,0,0
"STUTTGART",9.19999629582,48.7799798778,2,2,0,2,3,0,0,2,3,0,2,2,2,2,0,0,2,3,0,0,0,2,0,0,0,0,0,2,0,0,0,0,0,0,2,2,3,0,0,2,0,0,0,0,2,0,2,2,0,0,0,0,0,0,2,2,2,0,0,0,0,3,0,0,0,0,0,0,0,0,0,0,0,0,0,0,0,2,0,0,0,0,0,0,0,0,0,0,0,0,0,2,0,0,2,2,0,0,0,0
"SUVA",178.441707315,-18.1330159314,0,2,0,0,1,2,0,2,2,0,0,0,0,2,0,2,0,0,0,0,0,0,0,0,0,0,0,0,0,0,0,0,0,0,0,0,0,0,0,0,0,0,0,0,0,0,0,0,0,0,0,0,0,0,0,0,0,0,0,0,0,1,0,0,0,0,0,0,0,0,0,0,0,0,0,0,0,0,0,0,0,0,0,0,0,0,0,0,0,0,0,0,0,0,0,0,0,0,0,0
"SYDNEY",151.185179809,-33.9200109672,2,2,2,3,2,3,0,2,2,2,3,2,3,2,2,3,2,2,2,4,0,2,3,0,3,2,3,3,3,4,3,2,0,4,3,2,2,4,0,2,0,3,3,4,3,3,0,0,0,3,2,3,2,4,3,2,2,0,2,0,0,3,2,2,0,3,2,0,0,4,0,2,0,0,0,0,0,0,0,0,2,0,4,3,2,2,0,4,2,3,0,2,2,2,2,2,3,2,2,0
"TAIPEI",121.56833333333,25.03583333333,0,0,0,3,1,2,2,4,3,0,2,3,2,2,2,2,0,2,2,0,3,1,3,2,2,2,2,2,2,3,2,0,4,2,4,2,2,2,3,0,2,2,2,3,2,2,0,0,2,3,3,2,2,3,3,3,2,0,2,2,0,2,2,3,0,2,0,0,0,3,0,2,0,0,0,0,1,0,0,0,0,0,0,0,0,2,2,0,0,3,0,0,2,0,0,2,0,0,2,0
"TALLIN",24.745278,59.437222,0,2,2,0,1,2,0,0,2,0,0,0,0,0,0,2,2,2,0,0,0,0,0,0,0,2,2,2,2,2,0,0,0,0,0,0,0,0,0,0,0,0,0,0,0,0,0,0,0,0,0,0,0,0,0,0,0,0,0,0,0,1,0,0,0,0,0,0,0,0,0,0,0,0,0,0,0,0,0,0,0,0,0,0,0,0,0,0,0,2,0,0,2,0,0,0,0,0,0,0
"TAMPA",-82.4586208514,27.9469879344,2,2,0,2,0,0,1,0,2,0,3,2,2,0,0,0,0,2,0,0,0,0,0,0,0,0,0,0,0,0,0,0,0,0,0,0,0,2,0,0,0,0,0,0,0,0,0,0,0,0,0,0,0,0,0,2,0,0,2,0,2,1,0,0,0,2,0,0,0,0,0,0,0,0,0,0,0,0,0,0,0,0,0,2,0,0,0,0,2,0,0,0,0,2,0,0,0,0,2,0
"TASHKENT",69.2949328195,41.311701883,0,2,0,0,0,0,0,0,2,0,0,0,0,0,0,0,0,2,0,0,0,0,0,0,0,0,0,0,2,0,0,0,0,0,0,2,2,2,0,0,0,0,0,0,0,0,0,0,2,2,0,0,0,0,0,0,0,0,0,0,0,1,0,0,0,0,0,0,0,0,0,0,0,0,0,0,0,2,0,0,0,0,0,0,0,0,0,0,0,0,0,0,0,0,0,0,0,0,0,0
"TBILISI",44.7907954496,41.7250099885,2,0,0,0,0,0,0,0,0,0,0,0,0,0,0,0,0,0,0,0,0,0,0,0,0,0,0,0,2,0,0,0,0,0,0,0,2,0,0,0,0,0,0,0,0,0,0,0,0,0,0,0,0,0,0,0,0,0,0,0,0,0,0,0,0,0,0,0,0,0,0,0,0,0,0,0,0,0,0,0,0,0,0,0,0,0,0,0,0,1,0,0,0,0,0,0,0,0,0,0
"TEGUCIGALPA",-87.2175293393,14.1020449005,0,0,0,0,2,0,0,2,2,0,0,0,2,0,0,2,0,2,0,0,0,0,0,0,0,2,0,2,2,2,0,0,0,0,0,0,0,0,0,0,0,0,0,0,0,0,0,0,0,0,0,0,0,0,0,2,0,0,0,0,0,0,0,0,0,0,0,0,0,0,0,0,0,0,0,0,0,0,0,0,0,0,0,0,0,0,0,0,0,0,0,0,2,0,0,0,0,0,0,0
"TEHRAN",51.4243440336,35.6719427684,0,0,0,0,0,0,0,0,2,0,0,2,0,0,0,0,0,2,0,0,0,0,0,0,0,0,0,0,2,0,0,0,0,0,2,2,2,0,0,0,0,0,0,0,0,2,2,0,0,3,0,0,2,0,2,0,0,0,0,0,0,1,0,0,0,0,0,0,0,0,0,0,0,0,0,0,0,0,0,0,0,0,0,0,0,0,0,0,0,0,0,0,0,0,0,0,0,0,0,0
"TEL AVIV",34.7700117582,32.0799914744,0,2,0,0,2,2,2,0,3,0,0,2,0,2,3,2,3,2,2,0,0,0,2,2,2,2,2,0,3,2,0,0,0,0,0,0,0,0,2,0,0,0,0,3,0,0,0,0,0,2,0,0,0,0,0,2,0,0,0,0,0,0,0,0,0,0,0,0,0,0,0,0,0,0,0,0,0,0,0,0,0,0,0,0,0,0,0,0,0,3,0,0,2,0,0,0,0,0,0,0
"THE HAGUE",4.26996130231,52.080036844,2,0,0,0,0,0,0,0,2,0,2,2,0,2,0,0,0,2,0,0,0,0,0,0,0,0,0,2,0,0,0,0,0,0,0,0,0,0,0,2,0,2,0,0,0,0,2,0,0,0,0,0,0,0,0,0,0,0,0,0,0,0,0,0,0,0,0,0,0,0,0,0,0,0,0,3,0,0,0,0,0,0,0,0,0,0,0,0,0,0,0,0,0,0,0,0,0,0,0,0
"TIANJIN",117.200019083,39.1300262645,0,0,0,0,2,0,0,0,0,0,0,0,0,0,0,0,0,0,0,0,0,0,0,0,0,0,0,0,0,0,0,0,0,0,0,0,0,2,2,2,0,0,0,0,0,2,0,0,2,2,2,0,0,0,2,0,0,0,0,0,0,2,0,0,0,0,0,0,0,0,0,0,0,0,0,0,0,0,0,0,0,0,0,0,0,0,0,0,0,0,0,0,0,0,0,0,0,0,0,0
"TIJUANA",-117.079995974,32.5000175161,0,2,0,0,0,0,0,0,2,0,2,2,2,2,0,0,0,2,0,0,0,0,0,0,0,0,0,0,0,0,0,0,0,0,0,0,0,0,0,0,0,0,0,0,0,0,0,0,0,0,0,0,0,0,0,0,0,0,0,0,0,0,0,0,0,0,0,0,0,2,0,0,0,0,0,0,0,0,0,0,0,0,0,0,0,0,0,0,0,0,0,0,0,0,0,0,0,0,0,0
"TIRANA",19.8188830146,41.3275407095,2,0,0,0,0,0,0,0,2,0,0,0,0,0,0,0,0,0,0,0,0,0,0,0,0,0,0,2,0,0,0,0,0,0,0,0,0,0,0,0,0,0,0,0,0,0,0,0,0,0,0,0,0,0,0,0,0,0,0,0,0,1,0,0,0,0,0,0,0,0,0,0,0,0,0,0,0,0,0,0,0,0,0,0,0,0,0,0,0,0,0,0,2,0,0,0,0,0,0,0
"TOKYO",139.751407429,35.6850169058,2,2,2,3,2,2,3,2,3,0,4,3,2,2,2,2,2,4,2,2,5,1,5,2,2,2,2,2,2,3,0,0,5,4,3,4,3,4,3,2,2,3,3,3,4,5,2,3,5,5,5,4,5,5,3,4,2,2,2,2,0,3,2,3,2,2,3,2,3,2,2,2,2,2,1,2,2,0,2,2,2,2,2,3,2,2,0,0,2,3,2,2,2,2,2,2,2,0,2,2
"TORONTO",-79.4200207944,43.6999798778,3,3,2,2,2,3,3,3,3,3,2,4,3,2,2,3,0,3,2,3,0,2,2,2,2,2,3,3,4,4,2,3,0,3,2,0,2,2,2,2,2,2,2,0,2,2,0,2,0,3,2,2,2,2,3,2,2,0,4,0,3,3,0,3,3,0,3,0,0,0,0,0,0,0,0,0,0,2,0,0,2,0,0,4,2,2,2,3,3,3,0,2,3,0,2,2,3,3,2,0
"TRIESTE",13.8000255927,45.6503776236,0,0,0,0,0,0,0,0,2,0,0,0,0,0,0,0,0,0,0,0,0,0,0,0,0,0,0,0,0,0,0,0,0,0,0,0,2,0,0,0,0,0,0,0,0,0,0,0,0,0,0,0,0,0,0,0,2,0,0,0,0,1,0,0,0,0,0,0,0,0,0,0,0,0,0,0,0,0,0,0,0,0,0,0,0,0,0,0,0,0,0,0,0,0,0,0,0,0,0,0
"TRIPOLI",13.1800117581,32.8925000194,0,0,0,0,1,0,0,0,0,0,0,0,0,0,0,0,2,2,0,0,0,0,0,0,0,0,0,0,0,0,0,0,0,0,0,0,0,0,0,0,0,0,0,0,0,0,0,0,0,0,0,0,0,0,0,0,0,0,0,0,0,1,0,0,0,0,0,0,0,0,0,0,0,0,0,0,0,0,0,0,0,0,0,0,0,0,0,0,0,0,0,0,0,0,0,0,0,0,0,0
"TUNIS",10.1796780992,36.8027781362,0,0,0,0,2,2,2,2,2,0,0,2,2,0,2,2,2,2,0,0,0,0,0,2,0,2,2,0,2,0,0,0,0,0,0,0,0,0,2,0,0,0,0,0,0,0,0,0,0,0,0,0,0,0,0,0,2,0,0,0,0,1,0,0,0,0,0,0,0,0,0,0,0,0,0,0,0,0,0,0,0,0,0,0,0,0,0,0,0,2,0,0,2,0,0,0,0,0,0,0
"TURIN",7.66996048853,45.0703871857,0,3,0,2,0,0,0,0,2,0,0,0,0,0,2,0,0,2,0,0,0,0,0,2,0,0,0,0,0,0,0,2,0,0,0,0,3,0,2,0,0,0,0,0,0,0,0,0,0,2,0,0,0,0,0,0,2,0,0,0,0,1,0,2,0,0,0,0,0,0,0,0,0,0,0,0,0,0,0,0,0,0,0,0,0,0,2,0,0,0,0,0,0,0,0,0,0,0,2,0
"ULAN BATOR",106.917222,47.920278,0,2,0,0,0,0,0,0,0,0,0,0,0,0,0,0,0,0,0,0,0,0,0,0,0,0,0,0,0,0,0,0,0,0,0,0,0,0,0,0,0,0,0,0,0,0,0,0,0,2,0,0,0,0,0,0,0,0,0,0,0,0,0,0,0,0,0,0,0,0,0,0,0,0,0,0,0,0,0,0,0,0,0,0,0,0,0,0,0,0,0,0,0,0,0,0,0,0,0,0
"UTRECHT",5.12003861351,52.1003456819,2,0,0,0,0,0,0,0,2,0,0,2,0,0,0,0,2,3,0,0,0,0,0,0,0,0,0,0,0,0,0,0,0,0,0,0,0,0,0,2,0,5,0,2,0,0,2,0,0,0,0,0,0,0,0,0,0,0,0,0,0,0,3,0,0,0,0,0,0,0,0,0,0,0,0,0,0,2,0,0,0,0,0,0,0,0,0,3,2,0,0,0,0,0,0,0,0,0,0,2
"VALENCIA",-0.40001204569,39.4850175161,2,2,0,0,0,0,0,0,2,0,3,2,3,2,0,0,0,2,0,0,0,0,0,0,0,0,0,0,2,0,0,0,0,0,0,0,2,2,0,0,0,0,0,0,0,0,0,0,0,0,0,0,0,0,2,2,0,0,0,0,0,0,0,2,0,0,0,0,0,2,0,0,0,0,0,0,0,0,0,0,0,0,0,0,0,0,0,0,0,0,0,0,0,0,0,0,0,0,2,0
"VANCOUVER",-123.121644218,49.2734165841,2,2,2,3,0,0,2,2,3,2,2,2,3,2,2,3,0,2,0,2,0,0,2,0,0,0,0,2,3,2,0,0,0,0,0,0,0,0,2,2,0,0,0,0,2,0,0,0,0,2,2,0,2,0,2,0,0,0,2,0,3,1,0,2,3,0,3,0,0,0,0,0,0,0,2,0,0,0,0,0,0,0,0,2,0,2,0,0,2,0,0,0,0,0,0,0,0,0,2,0
"VENICE",12.3349987372,45.4386592805,0,0,2,0,0,0,0,0,0,0,0,0,0,0,0,0,0,0,0,0,0,0,0,0,0,0,0,0,0,0,0,0,0,0,0,0,2,0,0,0,0,0,0,0,0,0,0,0,0,0,0,0,0,0,0,0,0,0,0,0,0,1,0,2,0,0,0,0,0,0,0,0,0,0,0,0,0,0,0,0,0,0,0,0,0,0,0,0,0,0,0,0,0,0,0,0,2,0,0,0
"VIENNA",16.3666389554,48.2000152782,3,2,2,2,3,2,2,3,3,2,2,2,3,2,3,2,2,2,2,2,0,0,2,2,2,2,2,3,2,2,2,0,0,0,0,0,2,0,2,2,2,0,0,2,0,0,2,3,0,2,0,0,2,0,0,0,3,2,0,0,0,3,2,0,0,0,0,0,0,0,0,0,3,0,0,0,0,2,0,2,0,0,0,0,0,0,0,2,2,3,0,2,2,2,2,2,0,0,2,2
"VILNIUS",25.3166352933,54.6833663118,0,2,0,0,0,0,0,0,2,0,0,2,0,2,0,2,0,2,0,0,0,0,0,0,0,2,2,2,2,2,0,0,0,0,0,0,0,0,0,0,0,0,0,0,0,0,2,0,0,0,0,0,0,0,0,0,0,0,0,0,0,0,0,0,0,0,0,0,0,0,0,0,0,0,0,0,0,0,0,0,0,0,0,0,0,0,0,0,0,2,0,0,2,0,0,0,0,0,0,0
"WARSAW",20.9999995511,52.2500006298,2,2,0,0,1,2,2,0,2,0,4,2,2,2,2,0,2,2,2,0,0,0,2,2,2,2,2,3,3,2,2,0,0,3,3,3,2,2,4,3,2,2,0,0,2,0,3,2,0,2,0,2,0,0,3,2,2,2,0,0,0,3,2,0,0,0,0,0,0,2,2,0,0,2,0,0,2,4,0,2,0,0,0,0,0,0,0,0,0,0,0,2,2,2,2,2,0,0,0,2
"WASHINGTON",-77.0094185808,38.8995493765,0,3,2,0,2,0,1,0,3,2,3,4,3,4,0,3,0,3,0,3,0,2,0,0,0,0,2,0,2,2,0,0,0,0,0,0,2,2,0,1,2,2,2,2,0,0,0,0,0,2,0,3,2,0,0,3,0,0,4,0,2,0,0,0,0,0,0,4,4,2,3,4,0,0,3,2,4,2,3,2,4,4,3,3,0,5,0,4,3,0,3,2,2,5,2,2,0,4,2,0
"WELLINGTON",174.78326585928,-41.29998785369,2,2,0,0,1,2,0,2,3,0,0,0,0,2,0,2,0,2,0,2,0,0,0,0,0,2,2,3,2,0,0,0,0,0,0,0,0,0,0,2,2,2,0,0,2,0,0,0,0,0,0,0,0,0,2,2,0,0,0,0,0,1,0,2,0,2,2,0,0,0,0,0,0,0,0,0,0,0,0,0,0,0,0,0,0,2,0,0,2,2,0,0,2,0,2,0,0,0,2,0
"WILMINGTON",-77.9450203875,34.2255194285,0,0,0,2,0,0,0,0,2,0,2,0,0,0,0,0,0,0,0,0,0,0,0,0,0,0,0,0,0,0,0,0,0,0,0,0,0,2,0,0,0,0,0,2,0,0,0,0,0,0,0,0,0,0,0,0,0,0,0,0,2,1,0,0,0,0,0,0,0,0,0,0,0,0,0,0,0,0,0,0,2,0,0,0,0,0,0,0,0,0,0,0,0,0,0,0,0,0,0,0
"WINDHOEK",17.0835461005,-22.5700060844,0,0,0,0,0,1,2,0,2,0,0,0,0,0,0,2,0,2,0,0,0,0,0,0,2,2,2,0,2,0,0,0,0,0,3,0,0,0,0,2,0,0,0,0,0,0,0,0,0,0,0,0,0,0,2,0,2,0,0,0,0,1,0,0,0,0,2,0,0,0,0,0,0,0,0,0,0,0,0,0,0,0,0,0,0,0,0,0,0,2,0,0,2,0,0,0,0,0,0,0
"WINNIPEG",-97.1659918638,49.8829874869,2,2,0,0,0,0,0,0,2,0,2,2,0,0,0,2,0,2,0,0,0,0,0,0,0,0,0,0,0,0,0,0,0,0,0,0,0,0,0,0,0,0,0,0,2,0,0,0,0,0,0,0,0,0,2,0,0,0,0,0,0,1,0,2,2,2,0,0,0,0,0,0,0,0,0,0,0,0,0,0,0,0,0,0,0,0,0,0,0,0,0,0,0,0,0,0,0,0,0,0
"XIAMEN",118.080017048,24.4499920847,0,0,0,0,0,0,0,0,0,0,0,0,0,0,0,0,0,0,0,0,0,0,0,0,0,0,0,0,0,0,0,0,0,0,0,0,0,0,0,0,0,0,0,2,0,2,0,0,0,2,0,0,0,2,2,0,0,0,0,0,0,0,0,0,0,0,0,0,0,0,0,0,0,0,0,0,0,0,0,0,0,0,0,0,0,0,0,0,0,0,0,0,0,0,0,0,0,0,0,0
"YANGON",96.1666776113,16.7833541046,0,0,0,0,0,0,0,0,0,0,0,0,0,0,0,0,0,2,0,0,0,0,0,0,2,0,0,0,2,0,0,0,0,0,0,0,0,0,0,2,0,0,0,0,0,2,0,0,0,3,2,2,0,2,0,0,0,0,0,0,0,1,0,0,0,0,0,0,0,0,0,0,0,0,0,0,0,0,0,0,0,0,0,0,0,0,0,0,0,0,0,0,0,0,0,0,0,0,0,0
"YAONDE",11.516667,3.866667,0,0,0,0,0,0,0,0,0,0,0,0,0,0,0,0,2,2,0,0,0,0,0,0,0,0,0,0,0,0,0,0,0,0,0,0,0,0,0,0,0,0,0,0,0,0,0,0,0,0,0,0,0,0,0,0,0,0,0,0,0,0,0,0,0,0,0,0,0,0,0,0,0,0,0,0,0,0,0,0,0,0,0,0,0,0,0,0,0,0,0,0,0,0,0,0,0,0,0,0
"YEREVAN",44.5135513904,40.1811507355,0,0,0,0,0,0,0,0,2,0,0,0,0,0,0,0,0,0,0,0,0,0,0,0,0,0,0,0,0,0,0,0,0,0,0,0,0,0,0,0,0,0,0,0,0,0,0,0,0,0,0,0,0,0,3,0,0,0,0,0,0,0,0,0,0,0,0,0,0,0,0,0,0,0,0,0,0,0,0,0,0,0,0,0,0,0,0,0,0,0,0,0,0,0,0,0,0,0,0,0
"YOKOHAMA",139.58004838,35.3200262645,0,0,0,0,0,0,0,0,2,0,2,2,0,0,0,0,0,2,0,0,0,0,0,0,0,0,0,0,0,0,0,0,0,0,0,0,0,0,0,0,0,0,0,0,0,2,0,2,0,2,2,0,0,0,0,2,0,0,0,0,0,1,0,0,0,0,2,0,0,0,0,0,0,0,0,0,0,0,0,0,0,0,0,0,0,0,0,0,0,0,0,0,0,0,0,0,0,0,0,0
"ZAGREB",15.9999946682,45.8000067333,3,2,0,0,2,0,2,2,2,0,0,0,2,0,0,2,0,2,0,0,0,0,0,0,0,2,2,2,2,2,0,0,0,0,2,2,2,0,2,0,0,0,0,0,0,0,0,0,0,0,0,0,0,0,0,0,2,0,0,0,0,1,0,0,0,0,0,0,0,0,0,0,0,0,0,0,0,0,0,0,0,0,0,0,0,0,0,0,0,2,0,0,0,0,0,0,0,0,0,0
"ZURICH",8.55,47.366667,2,2,0,2,2,3,0,3,2,3,2,2,3,2,0,2,2,2,3,0,0,2,3,2,2,0,2,2,2,2,4,0,0,2,0,2,2,0,2,2,5,0,5,2,2,2,2,2,2,0,2,2,2,2,2,2,3,2,2,0,3,5,2,2,0,0,2,0,0,2,0,0,0,0,0,0,0,2,0,0,0,0,0,2,0,2,0,0,2,3,2,2,2,2,2,4,3,0,2,2
